,CROSS,W14,RSI,MDI,PDI,NATR,AROON,ACTION
0,0.0,-26.086956521739136,36.66666666666667,34.22053231939163,11.582334015794094,11.799276672694397,-50.0,0.0
1,0.0,-32.18390804597702,33.101851851851855,34.28370583248909,10.64362065044349,12.577044240514997,-42.85714285714286,0.0
2,0.0,-23.809523809523807,36.779223693067095,34.58863533954194,9.63452327652107,12.412678429442275,-35.714285714285715,0.0
3,0.0,-27.380952380952394,35.51767529458825,32.001930316991036,9.307611483746761,12.653823186255176,50.0,0.0
4,0.0,-28.571428571428573,35.08566460357325,30.700588856157225,8.92912241745748,12.30450234029472,50.0,0.0
5,0.0,-20.238095238095244,40.53788079913439,27.56232813245591,14.700088474367304,12.099080784155916,85.71428571428572,0.0
6,0.0,-23.809523809523807,39.02507192420913,26.354690593776326,13.242312368858066,12.659658571642963,85.71428571428572,0.0
7,0.0,-52.38095238095238,38.00676807054904,25.018738239010613,12.571042929030273,12.520975780276883,85.71428571428572,0.0
8,1.0,-16.666666666666657,48.79790807052152,23.260544380886262,14.810948804641233,11.352201942612114,21.42857142857143,0.0
9,1.0,-4.3478260869564815,53.97464536158188,21.79439464361136,17.02897162131371,10.651635721351825,50.0,0.0
10,1.0,-29.48717948717946,59.38020878029294,17.550319727367235,24.645224623699605,11.48622709337394,57.142857142857146,0.0
11,1.0,-34.6153846153846,56.769198535742895,15.96445573075819,22.41825810535624,11.952778323181908,57.142857142857146,0.0
12,1.0,-30.76923076923076,58.251886156041564,15.302621963177518,21.488870942104718,11.380821670833242,57.142857142857146,0.0
13,1.0,-19.230769230769216,62.41636874663652,13.539548284658414,23.292426640001416,11.362207619075011,57.142857142857146,0.0
14,1.0,-30.76923076923076,56.36166762817282,12.64313935964486,21.750311741753354,11.82918445251734,57.142857142857146,0.0
15,1.0,-4.494382022471915,67.90899340635312,11.134727697139231,26.062585047065035,10.665888086302479,92.85714285714286,0.0
16,1.0,-22.42990654205606,69.04713705279133,9.866977264489794,30.286091556394602,10.95296389510643,100.0,0.0
17,1.0,-40.59405940594059,59.40429223162636,10.926893659547678,27.291972312725864,12.208636299243967,92.85714285714286,0.0
18,1.0,-37.62376237623761,60.453883855601646,11.69109159899328,24.32173720773207,12.518048124773982,71.42857142857143,0.0
19,1.0,-63.36633663366336,48.70164420605947,16.607757879916594,21.367845632098696,15.1089453448172,71.42857142857143,0.0
20,1.0,-51.041666666666664,54.22981774509887,15.588335000038278,20.05623747351572,13.794223176514167,71.42857142857143,0.0
21,1.0,-56.989247311827974,52.601897774169856,14.350957139247114,20.845557923917017,14.191845481308816,64.28571428571429,0.0
22,1.0,-27.173913043478237,61.34857564670988,12.345753450133074,26.02229627833834,13.351573480956755,57.142857142857146,0.0
23,1.0,-45.299145299145295,60.06953497189126,10.373948168794804,28.077287524096455,14.939269307286477,92.85714285714286,0.0
24,1.0,-26.213592233009706,66.57386803464495,9.188610188224212,24.86914779251162,13.975214202191399,92.85714285714286,0.0
25,1.0,-15.58935361216731,83.16114607460776,6.311977151510777,43.38095311069476,11.778865527859463,85.71428571428572,0.0
26,1.0,-61.70212765957447,58.67665712812433,4.720481053009284,34.838240836098414,20.666421551788392,92.85714285714286,0.0
27,1.0,-66.07142857142857,56.93476744854249,5.550524648357026,32.54088853985988,21.396768681721728,92.85714285714286,0.0
28,1.0,-61.78571428571429,58.38610003176553,5.110798744411678,32.60366792112793,20.635018145877066,50.0,0.0
29,1.0,-75.35714285714286,52.367580283286465,7.731996250517691,29.670481885836974,24.41129805144265,50.0,0.0
30,1.0,-78.92857142857142,50.881171005253364,8.20175370823067,28.53436141958769,24.60167799848482,50.0,0.0
31,1.0,-72.14285714285714,53.57732296259113,7.7743042822868595,29.001622105625003,22.243890568973107,50.0,0.0
32,0.0,-77.85714285714286,51.0367568806789,7.977373192227294,27.75538702421278,23.075180153671198,50.0,0.0
33,0.0,-79.04411764705883,51.50112998818521,7.7531299083535625,26.97518544889221,21.76274908469921,50.0,0.0
34,0.0,-80.74074074074075,50.98043297292938,7.614819431535558,26.493966791937872,20.841769547203153,42.85714285714286,0.0
35,0.0,-75.0,54.29783801066523,7.178126502966556,29.20022213016786,18.892383025114135,35.714285714285715,0.0
36,1.0,-74.10358565737053,56.212597142672216,6.941222237190874,28.236508662402233,17.312831561908588,28.571428571428573,0.0
37,1.0,-75.51867219917014,56.86139135413713,6.330504749181349,28.839306556831808,17.360238392232603,21.42857142857143,0.0
38,1.0,-70.00000000000001,60.19588389852279,6.010766865171336,28.32972104075951,15.738439350059362,14.285714285714286,0.0
39,1.0,-57.391304347826086,64.29979304216664,5.454484346007388,32.49470088096114,14.629273755435387,-28.571428571428573,0.0
40,1.0,-31.304347826086985,59.93943001716091,5.114644420756813,30.470128800832434,15.409213122279303,-28.571428571428573,0.0
41,1.0,-21.73913043478262,61.56449033356049,6.117931441220669,28.87191484067862,14.562018408624597,64.28571428571429,0.0
42,1.0,-38.26086956521739,57.24497213212073,5.847673625176462,27.596506522552826,15.072814765380544,64.28571428571429,0.0
43,1.0,-52.17391304347827,53.8204245547029,9.412955524228451,25.779607198580834,15.856233489438127,64.28571428571429,0.0
44,1.0,-49.12280701754387,54.55240827604497,9.106268432709454,24.93967199099544,14.999975254208275,64.28571428571429,0.0
45,1.0,-45.6140350877193,55.31518275929154,8.829086285242822,25.971049490323946,14.161578158234223,42.85714285714286,0.0
46,1.0,-42.982456140350905,55.91282800614499,8.613178952785672,25.335950926847374,13.337429956913951,42.85714285714286,0.0
47,1.0,-25.925925925925945,59.950772550155826,7.967557215896664,29.24603385330043,12.46852894266251,42.85714285714286,0.0
48,1.0,-32.71028037383177,58.0424266403478,7.703277500864825,28.275958172244657,12.255090332993662,35.714285714285715,0.0
49,1.0,-32.71028037383177,58.0424266403478,10.814957100809822,25.685353277546284,12.526406145328803,14.285714285714286,0.0
50,1.0,-31.775700934579444,58.26254668259075,10.367431616360026,24.622487279868185,12.092890639736439,14.285714285714286,0.0
51,1.0,-12.50000000000001,66.26709666009334,9.19649844081467,30.877012915789727,11.1032317240961,100.0,0.0
52,1.0,-11.278195488721796,71.22044125901772,8.184424285312804,34.334569713885784,10.508709406087773,100.0,0.0
53,1.0,-35.29411764705884,65.58987750405576,7.355551439652714,34.34957745989161,11.43319728635997,71.42857142857143,0.0
54,1.0,-32.91925465838508,66.92381719677914,14.286165982900851,28.025572455108055,12.691728332175808,78.57142857142857,0.0
55,1.0,-54.03726708074534,57.806850357889495,13.251269715710759,24.57433428790276,14.811719406437318,78.57142857142857,0.0
56,1.0,-45.3416149068323,60.21050412241769,12.11696126910995,22.47077171990889,14.4339096975025,78.57142857142857,0.0
57,1.0,-7.103825136612046,71.19305213827174,10.433756004341003,30.197741590779398,12.444267058168824,100.0,1.0
58,1.0,-31.239935587761686,84.9085687566756,6.254469946077607,56.278405003454814,11.950056606345766,100.0,1.0
59,1.0,-6.502057613168718,93.62335251156118,3.6070307358307225,63.96432695028247,9.55822341669606,71.42857142857143,1.0
60,1.0,-45.47222822563216,97.1232059821099,1.155092098706781,82.8991094174657,13.965817962487783,78.57142857142857,1.0
61,1.0,-55.824508320726174,80.65858343217778,0.8797117129760312,63.135500304671986,20.54780045935341,78.57142857142857,1.0
62,1.0,-71.83920466825157,62.89558402440475,8.547211572777824,51.346386934357,34.491492822524656,78.57142857142857,0.0
63,1.0,-67.6923076923077,65.12782568353236,7.82013868869968,46.97858050795984,31.063453384326145,78.57142857142857,0.0
64,1.0,-62.483716891011724,67.70168754719597,6.9241779039122955,44.48516549066873,28.61357254971464,71.42857142857143,0.0
65,1.0,-54.723127035830615,71.05042433680488,6.4149862089758845,43.29554086403295,24.364836976044387,64.28571428571429,0.0
66,1.0,-60.67318132464711,65.45662349073419,12.587509075241698,37.87879607689039,29.224259124908876,35.714285714285715,0.0
67,1.0,-59.58740499457111,65.98293311661415,12.112160293768282,36.44835901017597,27.54776591312467,35.714285714285715,0.0
68,1.0,-51.94353963083604,69.50547192167508,11.376882512784675,37.435255541542155,23.411049869362564,35.714285714285715,0.0
69,1.0,-45.201305767138194,72.27255007488597,10.629084807069471,40.06655232966009,20.67187566268653,35.714285714285715,0.0
70,1.0,-49.034664326458966,68.89561799783237,16.52400530490907,34.15896916554127,23.849830204903053,28.571428571428573,0.0
71,1.0,-55.24022346368715,64.0604157761226,15.522685542703812,32.089007903070915,25.876011045212582,21.42857142857143,0.0
72,1.0,-56.55581947743467,65.07397681893644,14.493450152667982,32.21343030507129,24.804355828023876,14.285714285714286,0.0
73,1.0,-60.92572658772875,66.38653713534504,13.958985739194777,31.02551907947601,22.853030573929598,7.142857142857143,0.0
74,1.0,-16.036036036036037,70.75653767496537,12.628592012838382,35.31191698693974,20.153372408908073,0.0,0.0
75,1.0,-46.666666666666664,57.97896059800273,16.804787116500446,30.731567742823586,27.62613978095506,85.71428571428572,2.0
76,1.0,-48.76482213438735,58.55969391326125,16.14224753329825,29.519955840671713,26.168763800925284,85.71428571428572,2.0
77,1.0,-65.41501976284586,53.1221349930596,19.329342300829595,27.43513613264958,30.341925373371225,57.142857142857146,2.0
78,0.0,-83.39920948616601,47.9437606678693,22.338120642706713,25.66298737983888,36.435753896191336,57.142857142857146,2.0
79,0.0,-78.80434782608697,49.3035197740315,21.08910244417762,25.15805172346961,34.01476583336898,57.142857142857146,0.0
80,0.0,-82.9044117647059,46.37199869452343,24.69990165640675,23.21743903755552,38.6406123112881,-42.85714285714286,0.0
81,0.0,-81.52573529411765,46.860418067870626,23.67857982494589,22.257415888899924,36.747675120161354,-42.85714285714286,0.0
82,0.0,-82.49080882352942,46.54088293754969,23.224828204338145,21.83089797250491,35.23799137628085,-42.85714285714286,0.0
83,0.0,-92.60110294117648,43.21622228482717,24.612219577758335,21.07950263336059,39.17849251624757,-42.85714285714286,0.0
84,0.0,-87.50000000000001,45.337921559080016,24.785881643742353,20.46356740928771,34.73836689004261,-42.85714285714286,0.0
85,0.0,-75.13786764705884,50.19470813974781,23.482490559380967,23.70752924402729,28.927977710901626,-42.85714285714286,0.0
86,0.0,-82.67463235294119,47.42793623134788,22.72256685773356,22.94032300010363,30.56166934604128,-42.85714285714286,0.0
87,0.0,-87.45404411764709,45.70735306096017,24.273239917836907,22.177721086339947,31.361663611116835,-42.85714285714286,0.0
88,0.0,-86.43141153081513,45.70735306096017,24.273239917836907,22.177721086339947,29.121544781751346,-42.85714285714286,0.0
89,0.0,-79.68750000000001,45.991395855085756,23.617004671235037,24.28167270412531,27.557287435722174,-35.714285714285715,0.0
90,0.0,-75.53846153846155,46.73017619628524,25.34594560641348,23.375648546773807,26.03755820302735,-28.571428571428573,0.0
91,0.0,-46.40591966173363,50.993989996878376,23.505653815356535,28.116813386390238,23.263028485845776,-21.42857142857143,0.0
92,1.0,-42.28329809725158,51.85042985559062,22.051466668997982,28.410075860177276,22.525322300707572,-7.142857142857143,0.0
93,0.0,-49.0909090909091,48.87838734549488,23.33319796812689,27.07030331237711,23.609779320704952,-7.142857142857143,0.0
94,0.0,-82.56130790190736,44.49670670629951,25.170606539111628,25.79072383920151,26.163913467239563,85.71428571428572,0.0
95,0.0,-72.07084468664848,46.47618289106653,24.678297427355293,24.73484542020154,24.068837607962884,57.142857142857146,0.0
96,0.0,-79.70027247956403,45.21325292650612,23.949561203624565,24.004439366091002,23.89639537572154,57.142857142857146,0.0
97,0.0,-74.65940054495913,46.25246867007638,23.206550918073322,23.301650815965004,22.344349983510885,57.142857142857146,0.0
98,0.0,-67.95977011494254,48.38950757058547,22.43667228684851,23.859984627790784,20.454318679602828,57.142857142857146,0.0
99,0.0,-78.8793103448276,46.37719519441914,22.95882539103113,22.881165833705605,20.793486526796908,14.285714285714286,0.0
100,0.0,-82.61494252873564,45.67736975960356,22.510751861196994,22.434607938551533,20.034357956747108,14.285714285714286,0.0
101,0.0,-79.31034482758622,46.44722032356595,21.93722686243883,22.362588119349137,18.80102784116151,14.285714285714286,0.0
102,0.0,-80.02873563218391,46.293626519153214,21.738409845629374,22.15991605483034,17.67587276212243,14.285714285714286,0.0
103,0.0,-67.81609195402298,49.35944229082848,20.858228133533522,24.457773329498732,16.19773803854327,14.285714285714286,0.0
104,0.0,-82.53012048192772,46.787678522641755,19.375427012943188,24.537651063059254,16.998759803100757,14.285714285714286,0.0
105,0.0,-90.81325301204821,44.96193566636199,19.355309872416935,23.74838650555824,16.919359236952015,-21.42857142857143,0.0
106,0.0,-84.97757847533636,45.21310006719174,19.014224661032017,23.32988514935714,15.927649778269117,-21.42857142857143,0.0
107,0.0,-72.31270358306192,46.009115184207374,19.23068531061559,22.73477133919655,14.994250523304064,-14.285714285714286,2.0
108,0.0,-88.59934853420195,44.092683670591484,18.791890473109525,22.216022260087367,14.741706255619883,64.28571428571429,2.0
109,0.0,-79.18968692449353,38.61853063845022,25.482791752565586,20.187966505419038,16.91464729118509,-35.714285714285715,2.0
110,0.0,-75.29761904761905,36.284973696388555,26.811492444175443,18.015495154250857,18.705966553366732,-42.85714285714286,2.0
111,0.0,-79.9715909090909,34.59647601803292,25.411774709289286,16.40938078446447,20.012690737483503,-50.0,2.0
112,0.0,-66.61931818181819,39.589076468612795,23.72698891871808,15.943978158121258,18.402464283660226,-50.0,2.0
113,0.0,-80.96590909090908,36.37601532383708,22.677936023373803,15.239039301050864,19.45414787474544,-50.0,2.0
114,0.0,-88.92045454545453,34.69466705753993,23.900912146305807,14.79988499238161,19.556218547703647,-50.0,2.0
115,0.0,-92.47027741083224,32.553416416501264,26.279799181490958,13.706752891178972,21.03568734680545,-78.57142857142857,2.0
116,0.0,-87.53180661577609,33.272605618175874,25.923982604761342,13.004656314527468,20.347370655684156,-85.71428571428572,0.0
117,0.0,-87.53180661577609,33.272605618175874,25.273378150879733,12.678283339802624,19.3803683603782,-85.71428571428572,0.0
118,0.0,-90.3069466882068,32.01871732011793,24.50694180370432,12.743075445138036,19.271229636947634,-85.71428571428572,0.0
119,0.0,-91.57894736842108,31.61355623782472,24.841807992915673,12.565750860810335,18.36990398973971,-78.57142857142857,0.0
120,0.0,-91.0526315789474,31.845745140262967,24.69840676946841,12.302378364996425,17.369663559454686,-64.28571428571429,0.0
121,0.0,-97.28571428571429,26.513747716015395,29.599929682586655,11.31171345837602,21.08852585554321,-100.0,0.0
122,0.0,-81.51147098515519,28.92164693110304,31.266664428466733,10.561082919818185,20.2063655148931,-100.0,0.0
123,0.0,-89.62962962962962,26.872215152978047,29.81920878373835,10.758004732717687,21.363762883194866,-92.85714285714286,0.0
124,0.0,-95.25801952580194,23.108415246736985,34.81400785163465,9.89472750981358,26.410468225565815,-100.0,0.0
125,0.0,-87.1859296482412,22.843367258494347,36.0215069281843,9.275524894795382,26.620845204919046,-92.85714285714286,0.0
126,0.0,-69.7211155378486,32.40691752239807,32.977096624661186,12.210314658185375,22.477245277130624,-92.85714285714286,0.0
127,0.0,-66.3109756097561,32.168363346876916,30.087941109728444,15.126648765769495,23.090848497529144,-85.71428571428572,0.0
128,0.0,-67.53048780487805,31.879536257079554,28.8371499569024,14.49781615874163,22.61435042630061,-71.42857142857143,0.0
129,0.0,-35.07194244604317,42.2160199230671,26.546036611723938,19.08166341556034,18.99661754918371,-71.42857142857143,0.0
130,0.0,-47.06959706959706,39.10712143817657,24.098238534310763,19.98044514737975,21.152353268613474,-64.28571428571429,0.0
131,0.0,-41.39194139194137,41.117730683319955,23.376731630479544,19.38222594165108,19.503996419767756,-50.0,0.0
132,0.0,-41.30879345603271,39.61807529298541,22.770228523893397,18.879359226492365,19.349819333952073,-50.0,0.0
133,0.0,-51.12474437627812,37.47696644581974,24.405036670834114,17.988761261976936,20.043544770441553,-35.714285714285715,0.0
134,0.0,-69.37901498929337,33.56942208795171,28.651619074570938,16.495310976315192,23.218239513601393,-35.714285714285715,0.0
135,0.0,-55.99078341013824,37.10076227562478,27.360548181427564,15.752015603741631,21.061474008235532,-28.571428571428573,0.0
136,0.0,-34.10138248847925,43.50210188862224,25.13899828894333,18.978663983857498,18.78892424220011,35.714285714285715,0.0
137,0.0,-35.023041474654356,43.30227346878082,24.232635179078375,18.294405975173962,18.189238946328175,35.714285714285715,0.0
138,1.0,-31.105990783410114,44.4697555184037,23.385970007106298,17.807125769277302,17.1399796632205,35.714285714285715,0.0
139,0.0,-58.749999999999986,39.33834861924243,26.016328618445232,16.46899086010383,19.589077496225663,35.714285714285715,0.0
140,0.0,-59.826589595375715,41.37808675202646,25.037236883783383,15.849201147810717,18.19647511765503,28.571428571428573,0.0
141,0.0,-77.74566473988439,38.30657716215283,25.913385143116525,15.207193931861623,19.19471144242858,-28.571428571428573,0.0
142,0.0,-90.97938144329896,34.56316805376799,29.87217809939237,14.161131447063072,21.797760376603637,-85.71428571428572,0.0
143,0.0,-80.45685279187819,37.387171150494524,28.874752332152635,13.529781323895888,19.995474187874702,-92.85714285714286,0.0
144,0.0,-96.07843137254902,34.49272208341201,27.66279874318731,13.076892721032815,21.56774385014384,-92.85714285714286,0.0
145,0.0,-91.7933130699088,33.84160830458135,29.121961156344067,12.661378024073834,21.23749248152242,-100.0,0.0
146,0.0,-60.8832807570978,41.528313040408,27.190854820835565,16.222428420161325,18.00749377635074,-92.85714285714286,0.0
147,0.0,-54.88958990536276,42.92710055288877,26.057451928553593,18.594700730836085,16.958862815246274,-64.28571428571429,0.0
148,0.0,-54.25867507886434,43.08145565365017,25.294819216526026,18.05048301198234,16.174516267303016,-64.28571428571429,0.0
149,1.0,-19.55835962145108,50.94037210772224,23.21364268870027,22.54327023321448,14.084053511812755,-64.28571428571429,0.0
150,1.0,-34.426229508196705,47.41519368022515,20.93808115303566,22.518736392580994,15.585844382119834,-64.28571428571429,0.0
151,1.0,-43.93442622950817,45.62245243803699,19.83130521011831,21.32840784613763,15.908827466483025,-50.0,0.0
152,1.0,-58.7248322147651,42.7418624562258,22.418348203834494,20.140460296640946,16.786736652567615,-50.0,0.0
153,1.0,-44.67353951890034,45.66666290839457,21.681670509440774,19.06346942478851,15.567884660799585,-42.85714285714286,0.0
154,0.0,-47.07903780068729,45.208543526387686,20.391403983083585,21.071650205832242,15.526976527234664,35.714285714285715,0.0
155,0.0,-60.82474226804125,42.57990589200056,20.612842817900848,20.297028438597636,15.892116188226064,35.714285714285715,0.0
156,0.0,-82.47422680412372,38.75754485430427,24.13653594852974,19.179565011792338,17.298557603127758,35.714285714285715,0.0
157,0.0,-93.55828220858895,35.24235033130555,27.47737400714555,17.662444139353273,19.623012441179476,-50.0,0.0
158,0.0,-88.88888888888889,31.84483247034925,31.881636159537862,16.186013844588565,23.027611215776847,-57.142857142857146,0.0
159,0.0,-94.14414414414415,30.002252398366274,31.21458338267428,15.107037322483885,25.274160524129424,-64.28571428571429,0.0
160,0.0,-87.93103448275863,31.02557109174905,29.954945267266,13.834544037661237,25.012946785400615,-71.42857142857143,0.0
161,0.0,-90.94827586206895,30.356471370267847,28.44456084269656,13.136980425073446,25.309320192069602,-71.42857142857143,0.0
162,0.0,-90.51724137931035,30.586774549631173,28.510982164298177,12.761625803013683,24.073285447310873,-71.42857142857143,0.0
163,0.0,-89.87068965517241,30.955602269851752,27.766145905349486,12.428234214942666,22.78463723390962,-71.42857142857143,0.0
164,0.0,-91.02244389027432,30.319453328042588,27.569727767563222,12.088144911427136,22.355112610409613,-71.42857142857143,0.0
165,0.0,-81.15183246073299,35.02550774227694,26.12077148037776,14.655474584657318,20.08821118151171,-64.28571428571429,0.0
166,0.0,-64.39790575916231,42.464944984761416,23.862732352876854,19.205500407573147,17.78909754825085,-42.85714285714286,0.0
167,0.0,-56.282722513089,45.7076132932425,22.040935304175697,18.62325225539057,16.83378777857802,-42.85714285714286,0.0
168,0.0,-60.84337349397592,42.620097770996765,20.030076826740206,21.171247776986498,18.496816891498334,-42.85714285714286,0.0
169,0.0,-72.85223367697594,38.736013336548055,23.252837245196215,19.47247043949988,20.83850360688861,-35.714285714285715,0.0
170,0.0,-56.97211155378486,41.974242251146855,22.15614764627725,18.55407688730365,19.05212315434098,-28.571428571428573,0.0
171,0.0,-44.782608695652186,44.06046848937227,21.171922406574456,19.539657724639486,17.792856392274146,-21.42857142857143,0.0
172,0.0,-58.260869565217384,41.442415573200336,20.22241144486129,18.747968204937504,18.471066107000183,57.142857142857146,0.0
173,0.0,-53.04347826086957,42.85785116916543,19.513349269801477,18.009449573331906,17.398203433092917,57.142857142857146,0.0
174,0.0,-73.33333333333334,40.07593499732947,20.61009594877575,17.045319112485462,18.319196850534087,57.142857142857146,0.0
175,0.0,-60.476190476190496,43.41346528192459,19.86564502106538,16.429630390902247,16.62120648212502,28.571428571428573,0.0
176,0.0,-54.76190476190475,44.88277535210023,19.26982432115798,16.710864862648567,15.510071653688193,28.571428571428573,0.0
177,1.0,-48.09523809523811,46.62408948744849,18.082844840456175,19.005839411239524,14.909085042714656,28.571428571428573,0.0
178,0.0,-68.15920398009952,42.8731955209383,17.282162322246286,18.164288012953012,15.634183719649524,28.571428571428573,0.0
179,0.0,-70.78651685393257,44.34649756819756,16.91552136253077,17.7789327625255,14.481252275479486,21.42857142857143,0.0
180,0.0,-84.80392156862747,39.64215468104864,22.325956049115486,16.3072773322372,16.308812372739833,-85.71428571428572,0.0
181,0.0,-81.37254901960785,40.65194453486165,21.43119681199331,15.653729193325121,15.516317047641722,-85.71428571428572,0.0
182,0.0,-55.0387596899225,43.55744264261522,20.660010006841116,17.22700890543737,14.274101394577935,-85.71428571428572,0.0
183,0.0,-57.599999999999994,42.99079347391544,20.029360159997808,16.701151922590558,13.827220222018399,-78.57142857142857,0.0
184,0.0,-69.60000000000001,41.256777386341255,20.820275571472468,15.858993099506735,13.998604986545418,-21.42857142857143,0.0
185,0.0,-79.19999999999999,39.8712590373436,20.372484039057976,15.517906220123193,13.670406874898555,-21.42857142857143,0.0
186,0.0,-96.00000000000003,37.497986260244815,22.19040379249302,14.908535740975982,13.920629466350281,-21.42857142857143,0.0
187,0.0,-79.52755905511818,40.924213843788024,20.894433646757395,15.365167797172607,13.093418102280333,-71.42857142857143,0.0
188,0.0,-94.48818897637801,38.64294188444302,20.145716357417136,14.814582556249237,13.221234132741222,-71.42857142857143,0.0
189,0.0,-89.7637795275591,39.784472451828194,20.026238734008057,14.408266552206403,12.432772638271583,-71.42857142857143,0.0
190,0.0,-90.96045197740115,34.38744940837095,25.42490098282521,13.10448310787901,14.392992598782495,-92.85714285714286,0.0
191,0.0,-58.04195804195803,32.28035000609869,36.372194574877675,10.72111444486848,17.375589876243403,-100.0,0.0
192,0.0,-57.633587786259525,31.392541235812693,34.56381562159016,10.188074359042092,17.45466857344998,-92.85714285714286,0.0
193,0.0,-62.10937500000001,30.009880373777143,33.63528116890897,9.759319051660375,17.69156164658138,-85.71428571428572,0.0
194,0.0,-50.40650406504066,35.475164662662685,31.577995956189774,12.353586558587406,16.18051259283698,-78.57142857142857,0.0
195,0.0,-62.19512195121953,32.32219666402588,31.507346732883807,11.590149622410705,17.54716934245271,-64.28571428571429,0.0
196,0.0,-56.01659751037345,35.10656043626114,30.071601274256977,11.062002811882412,16.369416826383638,-64.28571428571429,0.0
197,0.0,-65.56016597510374,32.55466912536934,29.113484462756915,10.604670850627942,17.100332599411015,-50.0,0.0
198,0.0,-59.360730593607286,33.90442240521692,28.458121398309615,10.365952960469066,15.918577847863483,-50.0,0.0
199,0.0,-51.59817351598173,37.70820512430015,27.058731881910386,12.62223873205562,14.709654632605194,-28.571428571428573,0.0
200,0.0,-52.05479452054794,37.571232271750596,26.661635085987655,12.437002757962471,13.906408442345155,-28.571428571428573,0.0
201,0.0,-51.70731707317073,36.70961498674467,26.820401621208735,12.03544602879749,13.603038042395607,-28.571428571428573,0.0
202,0.0,-45.128205128205124,38.72728215849896,26.05742071881041,11.693064300085538,12.673141914444152,-21.42857142857143,0.0
203,0.0,-29.629629629629616,44.87773240572327,23.99031996439028,17.464335156258567,11.812998298505697,-14.285714285714286,0.0
204,1.0,-18.79194630872482,42.74508746522282,22.986616825220192,16.73366511743148,11.863219553957038,-7.142857142857143,0.0
205,0.0,-56.16438356164384,40.49972471821585,24.199623991251933,15.982257729097748,12.005263643458477,85.71428571428572,0.0
206,0.0,-56.16438356164384,40.49972471821585,23.352656717820146,15.42289163080666,11.552057480246482,57.142857142857146,0.0
207,0.0,-65.75342465753428,39.21337636452893,23.549197526798917,15.014181682399386,11.26692825524551,57.142857142857146,0.0
208,0.0,-83.54430379746834,36.04316249263135,27.95192415891787,14.028679681450793,11.88498072548942,-35.714285714285715,0.0
209,0.0,-69.69696969696969,35.52763239674064,30.04682867452533,13.021903213262826,12.01228856733724,-42.85714285714286,0.0
210,0.0,-79.79797979797982,33.792567388634225,28.534605099370598,12.36652526153993,12.16487956603607,-42.85714285714286,0.0
211,0.0,-23.23232323232323,48.85581077483162,24.44878043813491,21.43166168600236,10.986428915895257,-42.85714285714286,0.0
212,1.0,-11.53846153846152,62.720203720017196,19.957326582586898,33.31383974515828,9.974333475505679,21.42857142857143,0.0
213,1.0,-31.59609120521173,68.09037458637238,15.723314402307206,44.28644397571152,10.530323269216199,28.571428571428573,0.0
214,1.0,-53.4201954397394,56.17469757170868,17.322832164561476,37.92110135208331,13.318021122813004,28.571428571428573,0.0
215,1.0,-65.14657980456026,51.00939730237126,22.174461660401796,31.064654006765245,16.577094718259506,28.571428571428573,0.0
216,1.0,-55.37459283387622,54.74392077416781,20.514411530601205,28.739056041596573,15.381309625911499,28.571428571428573,0.0
217,1.0,-53.4201954397394,55.474961204936314,19.230488432912185,29.89257060259025,15.009383016541872,28.571428571428573,0.0
218,1.0,-78.50162866449512,45.35052310171609,23.390812824454873,26.792040542773236,19.223084492476527,28.571428571428573,0.0
219,0.0,-81.75895765472313,44.221757213162526,24.43339393996375,25.44880603355619,19.386851735785616,28.571428571428573,0.0
220,0.0,-87.62214983713356,42.18635265421922,23.483202056787153,24.08776477043259,20.168069734086124,28.571428571428573,0.0
221,0.0,-75.8957654723127,47.400803042555765,23.722386825742227,22.159180346794567,18.16319549825698,28.571428571428573,0.0
222,1.0,-36.923076923076934,70.71222450128906,14.318005783713742,51.41082625622963,14.838132506635457,92.85714285714286,0.0
223,1.0,-5.034722222222232,77.5150080511676,11.896234027058272,42.71511200003908,12.78286147643191,92.85714285714286,0.0
224,1.0,-38.07017543859649,61.938735811324065,10.742705858918145,36.110804944255726,18.243925675840504,85.71428571428572,0.0
225,1.0,-52.743362831858406,56.65626032291149,13.613143655280341,33.58531221499027,20.91191031830267,78.57142857142857,0.0
226,1.0,-70.61946902654869,50.83449487482442,18.995452934670247,30.267582840172867,26.42610414373003,7.142857142857143,0.0
227,1.0,-40.8849557522124,58.477481178006116,16.239701526683074,29.9497744811009,20.84906373026369,7.142857142857143,0.0
228,1.0,-56.814159292035406,53.6645670112157,15.063024549636255,27.77970934525146,24.457091970415046,7.142857142857143,0.0
229,1.0,-45.840707964601776,56.33097624898651,14.793731301303058,25.457115234079513,22.160130485429953,7.142857142857143,0.0
230,1.0,-32.21238938053098,59.45179757146845,13.304238081155953,29.60626099142712,20.22364512368082,7.142857142857143,0.0
231,1.0,-40.8849557522124,56.67601913319182,12.534781315178698,27.893969186651873,21.522521791647865,7.142857142857143,0.0
232,1.0,-45.840707964601776,55.09308255495199,13.077451752571301,26.74205120878269,21.842122006452126,7.142857142857143,0.0
233,1.0,-44.070796460177,55.57035207559743,13.629473035206601,25.96191413551207,20.540901898987567,7.142857142857143,0.0
234,1.0,-53.982300884955755,52.223118869855256,14.8028381281188,24.973342593866523,21.885040729279847,7.142857142857143,0.0
235,0.0,-69.11196911196912,49.20245683056396,17.83353171065892,23.3189057474937,24.132148125483212,7.142857142857143,0.0
236,0.0,-71.61862527716187,50.93252459643418,17.224727260986764,22.52284057033787,21.85419035402517,0.0,0.0
237,0.0,-85.94104308390023,47.12956912772627,18.75219013279508,21.31819337751888,24.577449060722707,-28.571428571428573,0.0
238,0.0,-97.0744680851064,44.3724808546546,20.37018779665052,20.23681853023298,27.106711400538792,-21.42857142857143,0.0
239,0.0,-84.73804100227791,43.99207760197572,24.0638815477019,19.06037644850435,27.200090745692783,-64.28571428571429,0.0
240,0.0,-86.33257403189066,43.58964006958091,22.941293144289183,18.171203289828487,26.9735869022473,-64.28571428571429,0.0
241,0.0,-90.20501138952163,42.57110842303714,22.15559575342857,17.548872764525466,27.129976592233255,-64.28571428571429,0.0
242,0.0,-92.25512528473806,42.01143201419694,22.581895732822677,17.11489347661255,26.47668605415534,-64.28571428571429,0.0
243,0.0,-79.72665148063781,46.62918542576353,21.472823943774653,19.727604355186397,22.42872473897539,-64.28571428571429,0.0
244,0.0,-73.15789473684211,47.68951876144272,20.41017166703587,22.36474701346091,21.2454889797684,-64.28571428571429,0.0
245,0.0,-60.67073170731708,49.915134535940204,18.614969635273184,22.55795666734324,20.346923184212145,-57.142857142857146,0.0
246,1.0,-17.708333333333314,57.67271913004337,16.927201031866904,26.406061155546755,16.791683663361432,-50.0,0.0
247,1.0,-35.53113553113553,52.70703220930623,15.820160920632542,24.679102940549193,18.71063357031052,-42.85714285714286,0.0
248,1.0,-23.32015810276678,53.96656546490873,15.269918789155462,23.820737322583838,17.37714212635254,-35.714285714285715,0.0
249,1.0,-37.65182186234819,50.73304111144462,16.376009876320747,22.75531804564828,18.299029877104637,-28.571428571428573,0.0
250,1.0,-43.31983805668016,49.612582248656025,17.062077445799392,21.948023441149864,18.146221096433617,50.0,0.0
251,1.0,-11.740890688259134,55.508283055717285,15.510079175419794,25.07853154600569,15.878388576968863,50.0,0.0
252,1.0,-27.935222672064786,52.13908303456959,14.599954548542781,23.606934340873174,16.90645748530666,50.0,0.0
253,1.0,-42.60869565217391,49.77998259837999,15.212501383861937,22.509609489071508,17.46933976597432,50.0,0.0
254,1.0,-48.695652173913054,48.63590684653376,15.773948924341965,21.99975712032233,17.101514263230776,28.571428571428573,0.0
255,0.0,-45.652173913043484,49.26378131695424,15.576374426877795,21.72420209106305,15.840869197121798,28.571428571428573,0.0
256,0.0,-55.09259259259261,48.000007979587046,14.465661551250589,24.896817976960236,16.327225958981913,28.571428571428573,0.0
257,0.0,-57.291666666666686,48.907407492661385,13.902982215675364,23.928391821849328,15.467955509088437,21.42857142857143,0.0
258,0.0,-55.20833333333332,49.33060504630904,13.653671405170986,23.499303539448636,14.500095474029257,7.142857142857143,0.0
259,1.0,-40.76923076923076,54.68629407279478,12.79604771720414,27.02697125223144,12.902483464674672,7.142857142857143,0.0
260,1.0,-48.78048780487806,53.08997749281975,12.115412704956533,27.32622879657662,13.004063836984866,-71.42857142857143,0.0
261,1.0,-63.41463414634147,51.027569575438214,13.680848471878424,26.076378023663555,13.120716030399072,-35.714285714285715,0.0
262,1.0,-54.47154471544718,52.24839855685269,13.204925678024424,25.285203894952353,12.34437768348865,-35.714285714285715,0.0
263,1.0,-33.33333333333336,55.09769202853263,12.428877281938373,27.560457550648476,11.57523510650216,-35.714285714285715,0.0
264,1.0,-19.50000000000002,62.43265847740259,10.523935384218682,34.16151854367408,11.03370146663638,57.142857142857146,0.0
265,1.0,-9.319899244332492,73.96831683991032,8.023454064074132,43.38072062187668,10.108221305464228,64.28571428571429,1.0
266,1.0,-55.22088353413655,60.251535488974554,6.289068422479567,41.50596582394452,14.437979644759874,71.42857142857143,1.0
267,1.0,-43.17269076305221,63.448427130887865,5.725679694133708,37.787769147830254,13.508857513216352,71.42857142857143,1.0
268,1.0,-24.297188755020088,67.81572290146536,5.195888670691849,38.06364060556701,12.238379547886407,71.42857142857143,1.0
269,1.0,-16.867469879518083,69.36722181233164,4.87105491329208,40.498561452557816,11.598693613974753,71.42857142857143,1.0
270,1.0,-29.35222672064777,63.898206038216685,8.106763801325107,37.562641261487784,12.501888509807316,71.42857142857143,1.0
271,1.0,-21.443298969072174,65.84723991263454,7.7589100670525175,35.95086307821145,11.53520586273136,64.28571428571429,1.0
272,1.0,-7.07547169811322,73.8269093368339,6.302682446066445,45.96561392509943,10.491212316158334,100.0,1.0
273,1.0,-29.705505761843803,70.92186022500005,5.089521793258693,45.672814315413504,12.479127660892079,100.0,1.0
274,1.0,-62.996158770806645,53.94135434343287,12.463141520063134,36.405264173223024,19.530717758506714,85.71428571428572,1.0
275,1.0,-53.706111833550075,57.28763635159763,13.571030111896718,32.349047844436164,18.481014478935798,85.71428571428572,1.0
276,1.0,-46.89564068692205,59.607880080679244,12.426456822863754,33.90610287898704,17.525700332140797,78.57142857142857,1.0
277,1.0,-64.75300400534047,52.697948418166895,15.549506711940833,31.02707186575867,20.809993386325765,71.42857142857143,1.0
278,1.0,-58.46833578792343,56.38383177989246,14.393486469481449,28.72037983973348,18.719387517856095,64.28571428571429,1.0
279,1.0,-58.26377295492487,58.29287227675789,13.538114718183552,27.966251548281058,17.49491556728366,57.142857142857146,1.0
280,1.0,-58.87372013651878,58.45605673197905,12.770713372406695,27.487037535555555,17.145268026012864,50.0,1.0
281,1.0,-24.0,66.58669456583873,10.62022203205762,35.81804152245554,15.248029568389123,100.0,1.0
282,1.0,-27.666666666666657,65.27640136210702,9.2581522093631,31.224288838331688,16.56300065983709,42.85714285714286,1.0
283,1.0,-11.500000000000004,68.24359632167342,8.512243311536306,28.708616774820893,15.386662133836063,42.85714285714286,1.0
284,1.0,-17.386231038506413,72.809482165218,7.415400268728687,36.56311152335847,14.307971746072779,64.28571428571429,1.0
285,1.0,-10.151691948658094,74.20834781256276,7.077946339032719,34.89922754969071,13.32382128332043,64.28571428571429,1.0
286,1.0,-13.132400430570494,75.03382532930878,6.512293558404081,36.655937705335404,13.111941045659822,78.57142857142857,1.0
287,1.0,-9.472551130247563,75.80030023349688,11.681440085644674,32.28419200146713,13.514872045115434,78.57142857142857,1.0
288,1.0,-1.7364657814096023,78.34793094345697,10.98233156679228,33.731694665816484,12.364145190714765,92.85714285714286,1.0
289,1.0,-25.54945054945057,72.13021516964776,15.833789038752114,27.859146705711552,14.72675040825962,100.0,1.0
290,1.0,-21.153846153846153,73.31989201788033,14.94196478625074,26.290004750785933,14.055486759599422,85.71428571428572,1.0
291,1.0,-22.346368715083802,72.69331305094616,14.550488287264496,25.36848174313325,13.602283223103795,85.71428571428572,1.0
292,1.0,-21.021611001964633,73.40051388466878,14.084038927247205,24.934409086528557,12.838800445112176,78.57142857142857,1.0
293,1.0,-41.27789046653145,60.81062579733938,20.386649221022584,22.32398566488439,15.124344573205173,71.42857142857143,1.0
294,1.0,-39.28944618599792,61.93985544217382,19.3413291948312,21.179329226893127,14.48701383809618,64.28571428571429,1.0
295,1.0,-32.15811965811965,64.59770054264524,17.907216269788766,21.978947286789193,13.815926335854778,57.142857142857146,1.0
296,1.0,-8.924485125858105,78.84955611410761,13.851627217814464,37.759326527594375,11.516921772658128,100.0,1.0
297,1.0,-19.11855990068279,82.1051645750731,11.497822190565033,43.268234122375226,11.419192799993606,100.0,1.0
298,1.0,-14.458598726114653,82.91848139586341,10.44561249767846,39.30859249780672,11.302643731967041,92.85714285714286,1.0
299,1.0,-10.74226035061544,89.54929292823518,7.698951408665225,53.42687852476302,10.100179009193447,85.71428571428572,1.0
300,1.0,-16.23483109216136,90.17883461129824,6.211190852211029,49.36251435578134,11.129150837826804,92.85714285714286,0.0
301,1.0,-7.083417901359845,94.65340535590295,4.29194765499254,58.55346598751652,9.645588760006921,100.0,0.0
302,1.0,-33.1236046275624,72.637984865554,3.38551051760735,46.1872769376648,14.544512264983677,85.71428571428572,0.0
303,1.0,-49.550102249488745,62.92120656242217,12.153454113510916,37.04869192442148,20.363995113581,85.71428571428572,0.0
304,1.0,-44.969325153374214,64.37457195948078,10.787276417031384,32.88402432308356,20.111210573847572,57.142857142857146,0.0
305,1.0,-37.28016359918199,66.73180728568097,10.250158567132514,31.246669743706097,17.964595028729335,57.142857142857146,0.0
306,1.0,-42.43353783231083,63.69013514851294,10.818828004817366,29.59048053831671,18.69145562550843,57.142857142857146,0.0
307,1.0,-46.03305785123967,61.84693182229866,10.385132286919257,28.299869145433927,18.847111540719457,57.142857142857146,0.0
308,1.0,-50.59942124844977,59.194183533249586,14.397386912095019,26.42071413442749,19.8450782470686,50.0,0.0
309,1.0,-42.872385830132295,62.63796024345637,12.858661611097318,27.897846671869235,18.470943582710643,42.85714285714286,0.0
310,1.0,-33.10479921645444,67.11142030296367,11.624687412206061,30.468139032986613,16.400605631616738,35.714285714285715,0.0
311,1.0,-39.704006124011215,64.52791075343598,10.953737964412156,28.70959015037104,16.872074112393502,28.571428571428573,0.0
312,1.0,-44.70071389346512,63.5973606834084,11.523757152768033,27.787330894346784,16.44187769712722,21.42857142857143,0.0
313,1.0,-59.113139876100426,61.15695562936156,11.071612112947943,27.070745106581107,16.56122888405301,14.285714285714286,0.0
314,1.0,-75.7644762524398,54.83641099609448,20.965522925218146,23.845957449261622,19.785680112789485,-92.85714285714286,0.0
315,1.0,-61.13144758735442,58.61258736691437,18.768882189940825,21.347522199562608,18.50050857666033,-92.85714285714286,0.0
316,1.0,-38.97911832946636,59.86836383546829,17.524746333028773,23.142815931713372,17.7894929722464,-85.71428571428572,0.0
317,1.0,-36.09557702084394,59.106331481069866,16.99670782021549,22.445499241664514,17.25744171542776,-78.57142857142857,0.0
318,1.0,-47.28012201321811,56.185032362335676,18.319874222821962,21.699440380186708,17.451901983267966,-28.571428571428573,0.0
319,0.0,-54.295882053889166,54.36976512891285,19.63631847399869,21.02262180743075,17.30070662998254,-28.571428571428573,0.0
320,1.0,-33.24860193187596,58.68256426182208,18.444119800298154,23.337200551929232,15.507863343005965,-28.571428571428573,0.0
321,1.0,-30.808337569903404,59.16447899944616,17.874740098900602,22.844235910545457,14.699870513205942,-28.571428571428573,0.0
322,1.0,-15.173345339936951,64.08048541908694,16.161103374857216,28.98604284677792,13.52090592061638,57.142857142857146,0.0
323,1.0,-13.059984813971148,67.36497108134077,14.688030925982268,30.607252944095197,12.778536219928464,64.28571428571429,0.0
324,1.0,-5.399408284023655,69.356853562087,13.726677541625445,29.331201577680577,12.098050038986754,71.42857142857143,0.0
325,1.0,-17.455621301775157,64.22196756164146,13.171121688372727,28.14408833268726,12.420222390334443,71.42857142857143,0.0
326,1.0,-20.45118343195265,62.97441833723194,14.877278883093622,27.30745954908638,12.068892931404754,71.42857142857143,0.0
327,1.0,-25.33284023668638,60.89829655911579,15.663501190472367,26.432528754518884,11.874878199000074,71.42857142857143,0.0
328,1.0,-39.86175115207372,55.61765387459736,19.016280565912016,24.949561892213477,12.542816216768538,71.42857142857143,0.0
329,1.0,-33.07613168724279,59.816557008842565,19.040725769620163,22.7322219649609,11.809324864043232,64.28571428571429,0.0
330,1.0,-44.95884773662553,56.4529020493287,17.99855785301232,21.4880050852194,12.141575085542263,35.714285714285715,0.0
331,0.0,-55.98491988689917,52.15927858469601,27.221987839496308,18.516711620990854,13.968657603583045,-50.0,0.0
332,0.0,-46.79547596606976,54.4749541943928,24.63768949321958,18.713370117581885,13.753559895973295,-50.0,0.0
333,0.0,-57.91705937794534,51.242219887524,23.13656414393634,17.57320174823246,14.297496949379646,-50.0,0.0
334,0.0,-55.325164938737046,51.9577563827892,23.163362274299953,16.345817679157907,14.10450080670405,-50.0,0.0
335,0.0,-54.24128180961357,52.273184318833756,22.553419436587518,15.46180353260023,13.777772343457146,-50.0,0.0
336,0.0,-67.90763430725731,47.994382907537165,21.698810759689962,14.875914927256012,14.176348601624609,-50.0,0.0
337,0.0,-73.18567389255422,46.41423029145625,24.352291092979815,14.113249431290958,14.238534505396805,-50.0,0.0
338,0.0,-60.812844957350755,49.78438567041238,23.245090643642268,15.051428790345764,13.196964223421148,-50.0,0.0
339,0.0,-49.76387249114522,50.88283642741249,22.160059908375487,16.96133407834895,12.656924726560575,-42.85714285714286,0.0
340,0.0,-52.601880877742964,49.30647423745322,22.929443140921446,16.488642895094454,12.347130657591311,-35.714285714285715,0.0
341,0.0,-60.94936708860761,47.01156615903595,22.782141620923973,16.088873667719195,12.127794595328236,-28.571428571428573,0.0
342,0.0,-37.341772151898745,53.29380634856042,20.8353094387979,20.442265991538726,11.335922470157103,-14.285714285714286,0.0
343,1.0,-31.036745406824135,54.24910407271084,20.058675668823838,19.68028287098771,10.793592174837311,-14.285714285714286,0.0
344,0.0,-52.33124565066112,47.91646196279713,21.776475408175433,18.625723220869343,11.47259384566724,-7.142857142857143,0.0
345,0.0,-68.0184331797235,48.165715377704785,21.769698985590725,18.149163045979595,10.89811325809313,7.142857142857143,0.0
346,0.0,-79.23604309500489,45.88534667248139,22.14164292880994,17.39668953691641,10.891094945932005,-35.714285714285715,2.0
347,0.0,-86.33017875920085,44.5069948158384,23.900751171636465,16.796713909676583,10.679437040599238,-28.571428571428573,2.0
348,0.0,-96.93564862104188,41.11681552329465,25.197247782494752,15.962326575364273,10.982952313709848,-100.0,2.0
349,0.0,-96.33333333333333,34.41668185689563,31.327965503448006,14.551380921303034,12.780013791851477,-50.0,2.0
350,0.0,-83.16892725030823,36.57107801410865,30.52950353575559,13.286607093423655,12.648291792907763,-57.142857142857146,2.0
351,0.0,-85.75832305795316,36.013683785345115,29.536023907607223,12.854239319769281,12.284008318701593,-57.142857142857146,2.0
352,0.0,-80.70283600493218,38.00051969133736,28.346938039519927,12.931282374414762,11.61583817305369,-57.142857142857146,2.0
353,0.0,-85.45006165228114,36.84361215515869,27.683515742744785,12.628642948557836,11.284652724162466,-57.142857142857146,2.0
354,0.0,-80.27127003699138,39.02452131603519,26.549531216566137,13.550563925478123,10.673122608653337,-57.142857142857146,2.0
355,0.0,-90.81381011097409,36.27810485710234,26.26096727037487,13.032623925326503,10.81449247934469,-57.142857142857146,2.0
356,0.0,-94.95207667731627,34.782721063137835,28.318744565779895,12.470533832432565,10.797718668651347,-100.0,2.0
357,0.0,-92.7132701421801,32.326918630649104,30.84287028734177,11.736246757016294,11.207641293543876,-100.0,2.0
358,0.0,-94.83660130718954,30.72267492664482,30.754352849851035,11.158210475934283,11.351505183819256,-100.0,0.0
359,0.0,-98.03337306317046,28.161477634659597,32.33904730796962,10.60948434103956,11.831312156294466,-92.85714285714286,0.0
360,0.0,-81.25391849529781,32.444480518569925,32.84775954352854,9.887528435867875,11.2539794464835,-100.0,0.0
361,0.0,-71.78314826910515,36.40824244187449,30.917693209041573,14.373364689602624,10.634454075946358,-92.85714285714286,0.0
362,0.0,-76.29276054097055,34.22912629807555,28.020396928128587,16.891194347880575,11.37920589031399,-85.71428571428572,0.0
363,0.0,-66.96035242290749,36.578164505353584,26.751356000143574,16.12619387322665,10.792574770135142,-78.57142857142857,0.0
364,0.0,-42.08375893769153,42.12846688662941,25.329465911325418,16.59785508478113,9.96656874277948,-71.42857142857143,0.0
365,0.0,-41.57303370786516,42.27015443706848,24.21600824369283,17.348481795259133,9.665513659845615,-42.85714285714286,0.0
366,0.0,-39.32584269662919,42.93221102411756,24.43395774912413,16.454275793856404,9.400109341907207,-42.85714285714286,0.0
367,0.0,-43.20735444330948,42.0354918670352,23.528441937413135,17.12732153474491,9.169653529655832,-42.85714285714286,0.0
368,0.0,-52.44831338411313,39.26934700449106,25.353118500000498,16.325407940883522,9.26932235552982,-42.85714285714286,0.0
369,0.0,-43.94329896907218,39.22263126483307,25.353082339779824,15.738495731195703,8.93385873439711,-35.714285714285715,0.0
370,0.0,-43.31550802139032,38.94819326896703,24.854320096632833,15.151871414301468,8.64702520500111,-28.571428571428573,0.0
371,0.0,-64.97326203208553,35.057754194899694,26.13331097262739,14.26096059430065,8.993980573385988,14.285714285714286,0.0
372,0.0,-77.9411764705882,32.936328197225336,29.698431598751707,13.339817108880592,9.228121689509381,14.285714285714286,0.0
373,0.0,-96.39037433155077,30.1418205023484,28.41505099223165,12.750961179923213,9.414561057427019,14.285714285714286,0.0
374,0.0,-92.74725274725273,27.871915638373757,31.339513725288747,11.74266442322961,9.937205878596334,-85.71428571428572,0.0
375,0.0,-59.64125560538117,29.995177403471562,37.005274932691435,9.886867560363099,10.77081711185782,-92.85714285714286,0.0
376,0.0,-41.65329052969502,37.9870734586373,34.22536509456075,12.25775514324267,10.106771324174508,-92.85714285714286,0.0
377,0.0,-31.30016051364366,42.835296690161925,31.157459841163575,17.046049397349805,9.864019448281992,-57.142857142857146,0.0
378,0.0,-44.62279293739969,38.64802842188293,29.364715082067548,16.065250067873734,10.290122051057473,-57.142857142857146,0.0
379,0.0,-48.715890850722325,37.43720936852274,31.573997113230867,15.2764234737372,10.23338458956293,-57.142857142857146,0.0
380,0.0,-57.46388443017656,34.91920080280377,30.65715026310324,14.607013378797618,10.344676977348042,-57.142857142857146,0.0
381,0.0,-49.31153184165233,37.374558300701494,29.494104395826447,14.027311504959442,9.785933984434026,-57.142857142857146,0.0
382,0.0,-34.57249070631969,41.97017333857764,28.355889359554503,15.623769642684199,9.068559846245593,-50.0,0.0
383,0.0,-39.282341831916916,40.281613796960016,26.831627424395876,16.679478795827666,9.094729201558865,-42.85714285714286,0.0
384,0.0,-40.67632850241547,39.46863252310598,28.55631404356316,15.591616230290214,9.129715206871296,-35.714285714285715,0.0
385,0.0,-38.369781312127266,39.73961643532486,27.947695597309025,15.259313355689738,8.643330905313187,-28.571428571428573,0.0
386,0.0,-46.91848906560638,37.171000579329736,30.84198359733235,14.237534173252229,8.879323203445649,14.285714285714286,0.0
387,0.0,-39.96023856858849,40.53988054805626,29.236990605500278,13.496623897590974,8.475260054978447,14.285714285714286,0.0
388,1.0,-26.820603907637643,49.673295892321896,24.782715859264442,25.551111038097634,8.593609063630806,92.85714285714286,0.0
389,1.0,-36.191860465116264,51.60203037570666,23.401360405436915,24.126926264150246,8.302015330209583,92.85714285714286,0.0
390,1.0,-33.59288097886541,56.90443032385269,20.220659469625073,30.79553021024544,8.47668334846458,28.571428571428573,0.0
391,1.0,-37.93103448275864,55.29409507912359,18.754085246552112,28.56197641047671,8.592515340893149,28.571428571428573,0.0
392,1.0,-56.284760845383765,48.97894513999346,20.241596998960905,26.641165847791775,9.030213671715602,28.571428571428573,0.0
393,1.0,-62.958843159065644,46.88211108924351,22.083212868278647,25.077227341449493,9.092192866945728,28.571428571428573,0.0
394,1.0,-62.40266963292547,47.08540927909176,21.27139489543353,24.15534409980602,8.749900926016183,28.571428571428573,0.0
395,1.0,-62.0689655172414,47.21594560502313,20.544953126390205,23.330412261251304,8.403527357710802,28.571428571428573,0.0
396,1.0,-58.95439377085653,48.49309831701174,20.08408303284607,22.807057974915416,7.90631515193149,28.571428571428573,0.0
397,1.0,-62.62513904338154,47.048243887303556,19.347767608339023,23.118582557526057,7.707488454145696,28.571428571428573,0.0
398,0.0,-63.18131256952171,46.82061779201392,18.47257188892258,23.18729893972905,7.508951860062519,28.571428571428573,0.0
399,1.0,-45.606229143492804,54.33857512291051,17.322938589946265,23.697353871100578,7.051417317290349,28.571428571428573,0.0
400,1.0,-41.95011337868481,56.03318285512552,15.6896773098671,24.595101485856965,7.136068683912675,28.571428571428573,0.0
401,1.0,-45.81673306772909,57.104687988257766,13.782284214909446,28.080661155108473,7.483052981981274,21.42857142857143,0.0
402,1.0,-46.45669291338587,59.2440062325118,13.258904722436421,27.014303651918333,7.109089480157237,14.285714285714286,1.0
403,1.0,-24.581005586592177,70.02911660279544,11.14995986376655,37.304992736219674,7.10068515045767,71.42857142857143,1.0
404,1.0,-21.340782122905036,70.75069987970191,10.366112877261585,34.68243566021623,7.0339535666932465,71.42857142857143,1.0
405,1.0,-14.096916299559513,76.45541468463728,9.027150139671301,38.75993248741846,6.966837303015677,85.71428571428572,0.0
406,1.0,-4.458598726114629,83.26498000803815,7.688119274217518,43.74682876804397,6.67601666861701,92.85714285714286,0.0
407,1.0,-13.195991091314026,84.05036494458567,6.876586583217353,45.07256608306756,6.8005386949478055,100.0,0.0
408,1.0,-13.228699551569495,84.06007114605228,6.352850911008281,41.639742194349985,6.83383666966722,92.85714285714286,0.0
409,1.0,-26.262626262626277,72.96598200475691,12.026557423996204,36.719858917422535,7.594653778060883,85.71428571428572,0.0
410,1.0,-28.731762065095392,71.05075623086287,15.265182559235772,32.90685227698532,7.9529085168379,71.42857142857143,0.0
411,1.0,-27.667984189723303,71.45421231115347,14.378951678894397,30.99642188746784,7.798588575002101,71.42857142857143,0.0
412,1.0,-33.69135104578857,66.63548373847203,13.493757971281845,31.532918514703034,7.918111047645247,64.28571428571429,0.0
413,1.0,-48.55850763143018,56.46148873740843,20.48139801394458,28.621544484142685,8.661654479359791,50.0,0.0
414,1.0,-29.164161154540007,64.71250328601495,17.688115143601735,31.708908972738058,8.477823317016906,50.0,0.0
415,1.0,-19.948519948519955,67.78856458849563,15.88709545845359,32.66255807057423,8.411685056970022,100.0,0.0
416,1.0,-4.660452729693764,71.75791001146952,14.814515314403737,30.889188788757593,7.899997371127039,100.0,0.0
417,1.0,-9.300873907615482,74.96597665595357,13.588202221298653,34.76836938076192,7.58140421155452,100.0,0.0
418,1.0,-28.90059249506256,65.74696397460703,14.661720253091767,31.965507954575266,8.143062177024296,92.85714285714286,0.0
419,1.0,-14.71247199402541,69.15572691798153,14.864553976183585,28.43846970054876,8.071774788282472,85.71428571428572,0.0
420,1.0,-18.820014936519804,67.51133094150264,14.372140916366801,27.496398118435305,7.84164605026875,28.571428571428573,0.0
421,1.0,-40.477968633308464,59.480298407828045,18.520697916860318,25.779319308091033,8.270735127357282,28.571428571428573,0.0
422,1.0,-43.61463778939509,58.39682090976862,19.84338511985388,24.70430200029916,8.090231793071263,28.571428571428573,0.0
423,1.0,-48.17027632561612,56.77911126062939,20.46753335789086,23.87824376467149,7.880885555460658,28.571428571428573,0.0
424,0.0,-56.758775205377134,53.75575697877103,21.52582802208368,22.909788062250968,7.833749106216489,28.571428571428573,2.0
425,0.0,-58.77520537714713,53.04164220175718,23.52571469856245,21.786988276213645,7.697990109292825,28.571428571428573,2.0
426,0.0,-64.07766990291262,51.11854690368494,21.903115348084807,22.069191698266778,7.808994134608629,28.571428571428573,2.0
427,0.0,-82.05953338696703,46.936968623526646,23.35941218351636,20.828562934398526,7.99514290165608,28.571428571428573,2.0
428,0.0,-97.4273858921162,43.31002692446275,24.601317406027647,19.375203474007474,8.301436495644987,21.42857142857143,2.0
429,0.0,-80.17402113113734,40.75537141836065,30.63911628731916,17.27559193215619,8.914994746867068,-85.71428571428572,2.0
430,0.0,-49.223119950279695,53.44999112793527,25.893180408545085,24.54055657748673,8.63872846347746,-85.71428571428572,2.0
431,0.0,-45.222929936305746,54.35937263010678,24.53579063817181,23.25407496603687,8.380008938569715,-85.71428571428572,2.0
432,0.0,-50.95541401273888,52.066684367909296,24.614406283675528,22.142386950574963,8.348490836210875,-71.42857142857143,2.0
433,0.0,-59.03290799194091,48.17651832157714,25.058895157285626,21.084818834853827,8.465829858051148,-71.42857142857143,2.0
434,0.0,-58.63570391872276,47.22652854447218,26.907921781485346,20.32492042243875,8.23720241993894,-64.28571428571429,2.0
435,0.0,-65.83261432269195,43.232864963549154,28.078514121079053,18.98517505737009,8.563939803045475,-57.142857142857146,2.0
436,0.0,-58.722592945662534,44.3112895365882,28.265091624744848,18.338613895802695,8.153130733120049,-50.0,2.0
437,0.0,-59.2079207920792,43.802666991525925,26.99590724963061,18.808172318120615,7.97036335070902,-42.85714285714286,2.0
438,0.0,-55.445544554455445,45.032195474898124,26.206357927317324,18.282666997959748,7.548781562295663,14.285714285714286,2.0
439,0.0,-68.31683168316829,41.67309435990194,27.394284566397566,17.486594280293243,7.584802557467317,14.285714285714286,2.0
440,0.0,-74.75247524752474,40.06390226053231,27.123650932241983,16.446368912807337,7.621673865138156,14.285714285714286,2.0
441,0.0,-74.35643564356435,40.21689187512803,29.209554683894023,15.20368816600746,7.64736332530433,14.285714285714286,2.0
442,0.0,-56.53465346534657,46.79799482866358,27.011572850214648,17.440738355332375,7.31890989645278,14.285714285714286,2.0
443,0.0,-62.298603651987065,46.52223218949202,26.180149445951162,17.487671455423072,7.028437825480582,14.285714285714286,2.0
444,0.0,-60.04296455424271,47.30252827796508,25.552198399525977,17.068216187887497,6.6503305139792666,-71.42857142857143,2.0
445,0.0,-71.70035671819264,42.99187825110618,27.733589611357097,16.285574519932414,6.705397911552022,-71.42857142857143,2.0
446,0.0,-95.25065963060682,37.45128366624357,31.563435147412406,15.11902463517509,7.092288812926341,-64.28571428571429,2.0
447,0.0,-42.54606365159129,47.573203808339464,29.968443937656847,13.660579404796088,6.749249911686533,-100.0,2.0
448,0.0,-52.428810720268,45.89389786417395,27.775195599645354,15.30440036221457,6.868802030695116,-85.71428571428572,2.0
449,1.0,-11.934900542495434,52.1522201739092,25.42816729632887,17.083924209823017,6.607927328738206,-85.71428571428572,2.0
450,1.0,-30.56057866184449,49.051988386272754,23.996026021681566,16.12173953057694,6.676682634833218,14.285714285714286,2.0
451,1.0,-18.264014466546104,51.11797235424728,23.18835941402789,15.579108402223763,6.3039986557182335,14.285714285714286,2.0
452,1.0,-12.544802867383579,52.22256167448756,22.23642919710085,16.67752467305713,6.048546267400156,35.714285714285715,2.0
453,1.0,-24.734982332155496,50.12191432930181,22.41443075548529,15.6949599928573,6.063513624971682,42.85714285714286,2.0
454,1.0,-28.091872791519393,49.465252453670054,22.563876210029218,15.073796802275355,5.8912805619253685,42.85714285714286,2.0
455,1.0,-22.084805653710198,50.709725204886894,21.947669888867956,14.66214018853565,5.5749588854174,42.85714285714286,2.0
456,1.0,-38.339222614841034,47.31439383813818,20.70070807556794,15.500143431101899,5.6213941665589475,42.85714285714286,2.0
457,0.0,-44.69964664310953,46.01602127242108,20.966615170936315,15.04528098188783,5.42908406183792,42.85714285714286,2.0
458,0.0,-49.11660777385157,45.09065266412476,22.25699296288806,14.489253880858058,5.269734935262934,42.85714285714286,2.0
459,0.0,-73.32155477031806,40.30708097218537,26.718513572170732,13.239124924625422,5.558962642830235,42.85714285714286,2.0
460,0.0,-62.89752650176682,43.10635645809126,25.6092968501751,12.352243496440964,5.4434015393682404,42.85714285714286,2.0
461,0.0,-98.2206405693951,36.91342943457918,24.948591292516433,11.30148720839385,5.836856440380243,42.85714285714286,2.0
462,0.0,-75.7446808510638,37.79725250047983,28.059173358021333,10.43663705181039,5.83875705317438,-64.28571428571429,2.0
463,0.0,-55.74468085106379,44.3716489537571,26.004563731342756,13.771574979985985,5.622584672091742,-64.28571428571429,2.0
464,0.0,-60.70921985815601,43.15242047700903,24.896137427090213,14.159873008660329,5.5065719113868115,-64.28571428571429,2.0
465,0.0,-66.38297872340428,41.740803211875956,25.670144085786912,13.680893537475985,5.351878676816804,-64.28571428571429,2.0
466,0.0,-67.51773049645391,41.448766072454646,25.011993237733897,13.22586085505022,5.152186915001292,-64.28571428571429,2.0
467,0.0,-74.99999999999994,38.88514549678603,26.60778590836476,12.604416165980387,5.121232716014243,-64.28571428571429,2.0
468,0.0,-74.99999999999994,38.88514549678603,25.653618800481947,12.152416162633095,4.932305044945231,-42.85714285714286,2.0
469,0.0,-83.9622641509434,36.7392031156255,26.083329572679446,11.585345195895256,4.884339253810477,-42.85714285714286,2.0
470,0.0,-87.23809523809514,35.44567620978877,26.748356640834793,10.916002930982168,4.863390746254609,-42.85714285714286,2.0
471,0.0,-87.43169398907101,33.248502953932146,29.71429090284848,10.245017554251115,4.900185315622394,-100.0,2.0
472,0.0,-91.80633147113602,31.458330379990763,29.300711741546376,9.68626169729072,4.889228847312959,-100.0,0.0
473,0.0,-82.03240058910166,27.55599995614552,34.723354334931024,8.586649369546219,5.328466783764127,-100.0,0.0
474,0.0,-78.35051546391757,29.41225917783849,32.056602994660174,7.927195259963327,5.317148366154693,-85.71428571428572,0.0
475,0.0,-99.85007496251878,25.09173731293066,30.717802808056817,7.365157531502413,5.589539450740267,-100.0,0.0
476,0.0,-78.92561983471074,31.547399658573028,30.564560169370335,6.736811747497552,5.50432021332965,-85.71428571428572,0.0
477,0.0,-89.80716253443526,29.24199627655587,28.727364908252174,6.331870909187998,5.58009195685716,-85.71428571428572,0.0
478,0.0,-86.55834564254062,29.097065657019268,30.38493318983402,6.019070175530111,5.4598158095861615,-100.0,0.0
479,0.0,-87.10644677661172,28.94258463763999,28.224755023824105,9.405937427662849,5.466901864603946,-92.85714285714286,0.0
480,0.0,-66.66666666666667,37.76694824675676,25.947433366478016,9.247864604408667,5.303745535348078,-85.71428571428572,0.0
481,0.0,-47.17607973421929,44.259716682248076,23.51310565515789,14.118207145342302,5.253960817027319,-78.57142857142857,0.0
482,0.0,-60.817717206132905,40.54763170942222,21.621186575532978,15.097470025839977,5.453420758095512,-71.42857142857143,0.0
483,0.0,-51.693404634581164,42.94846752899301,21.408546651794065,14.29911739667363,5.278094400099433,-64.28571428571429,0.0
484,0.0,-66.52267818574512,38.242987544322936,22.506044371979517,13.305029163737858,5.465458315577015,-57.142857142857146,0.0
485,0.0,-50.717703349282296,41.288606167355866,22.00873990751647,12.431080098353247,5.343470321588368,-50.0,0.0
486,0.0,-63.86138613861386,38.860522570975306,21.03550950896502,11.710293297895769,5.370008082585586,-42.85714285714286,0.0
487,0.0,-49.504950495049556,42.387567957656614,19.61849215656143,13.83327629432323,5.247588555835732,28.571428571428573,0.0
488,0.0,-60.148514851485224,40.521202055594884,18.850906908813144,13.292041079770959,5.141766074074081,28.571428571428573,0.0
489,0.0,-74.75247524752474,38.0458668671091,22.723433418450377,12.567721958294353,5.147993876393043,28.571428571428573,0.0
490,0.0,-81.11888111888116,36.18965867126369,24.888689400332012,11.75065581354113,5.1914850342570364,-57.142857142857146,0.0
491,0.0,-56.304985337243416,34.76032892553448,32.12379997381302,10.079055229215513,5.688798397191776,-64.28571428571429,0.0
492,1.0,-3.2258064516129226,54.30433849825068,27.345068601317735,21.932942136229922,5.526920797884713,-64.28571428571429,0.0
493,1.0,-11.963589076723075,54.98631824041007,24.62219247996161,23.270058117746675,5.6705612506543694,14.285714285714286,0.0
494,1.0,-5.324074074074064,60.28110568716131,22.688736049674866,25.01209387385798,5.481904857720632,21.42857142857143,0.0
495,1.0,-0.2200220022002551,63.221801004439016,21.705118542902806,25.66960131747319,5.187883019508353,28.571428571428573,0.0
496,1.0,-10.659340659340653,58.31127570470299,22.578009864312154,23.94294360247344,5.3049151995603685,35.714285714285715,0.0
497,1.0,-20.267909143855565,72.11004862893641,16.343636770887393,41.792005628517934,5.863611725891449,42.85714285714286,0.0
498,1.0,-15.899825276645327,73.38956259515949,14.034722521572757,35.887924507784405,6.224372284225183,42.85714285714286,0.0
499,1.0,-40.594059405940605,57.3665180306384,18.169374092040727,31.263599888803377,7.401197775613714,42.85714285714286,0.0
500,1.0,-24.519510774606882,63.02552994423044,17.843484931781123,27.604945985580965,7.238996920471549,42.85714285714286,0.0
501,1.0,-31.275480489225377,59.453610712601176,16.45640797198201,28.2654893620435,7.5092514738222595,42.85714285714286,0.0
502,1.0,-38.8468258590565,55.64734076644867,19.453979153142164,25.65775431321782,7.951460055629542,42.85714285714286,0.0
503,1.0,-45.95224228305184,52.26561360380938,21.10997443351951,24.142775761366305,8.114374125125389,42.85714285714286,0.0
504,1.0,-17.064647641234714,62.29728512967026,17.819301378553398,31.740640696558582,7.83946977445968,42.85714285714286,0.0
505,1.0,-34.1772151898734,57.25512491323768,15.914309526749026,28.34737287906892,8.556226270750056,42.85714285714286,0.0
506,1.0,-39.30635838150292,57.44730217205019,15.263717284584372,27.188505078372177,8.262423982783577,35.714285714285715,0.0
507,1.0,-51.03578154425609,55.66838716035743,14.711089850904585,26.204137148403678,8.097818717481637,28.571428571428573,0.0
508,1.0,-63.67346938775511,53.45367284293777,16.298045818410163,25.23886944393854,7.978016788038136,21.42857142857143,0.0
509,0.0,-76.83673469387752,50.0783186315822,19.896501902247444,23.523969015128294,8.23192186910324,7.142857142857143,0.0
510,0.0,-75.95307917888563,49.45265966649899,22.350618253326598,21.690067863765027,8.34564570740566,-92.85714285714286,0.0
511,0.0,-70.50505050505052,50.72340891702266,21.099260553306728,22.12381292523821,8.105282201096617,-92.85714285714286,0.0
512,0.0,-88.8274336283186,45.597585737511736,21.47675372752861,20.891441876967743,8.412201515269228,-85.71428571428572,0.0
513,0.0,-88.60619469026547,45.659509887024036,22.42701911857049,19.808331138478167,8.233669958583704,-42.85714285714286,0.0
514,0.0,-93.58407079646013,44.43397893670859,21.74454013773393,19.159233465378716,8.009132957799912,-42.85714285714286,0.0
515,0.0,-87.94247787610614,46.196545569461,21.095381678947284,18.696811840090422,7.552685329354576,-42.85714285714286,0.0
516,0.0,-96.81668496158069,43.65275328463567,21.50515885208474,17.955363469533427,7.491564632658468,-85.71428571428572,0.0
517,0.0,-92.02586206896555,44.70800929070884,20.97443202328009,17.09988882828383,7.244210059682407,-92.85714285714286,0.0
518,0.0,-89.72884141331143,37.816509512476486,27.21577443977915,15.265859561055557,8.14183463531421,-100.0,0.0
519,0.0,-60.82802547770696,46.398011438077525,24.826169394362683,15.599212968602668,7.69055778990895,-92.85714285714286,0.0
520,0.0,-35.71428571428572,53.08473132097308,22.35559482506886,20.96500872585856,7.417656723343927,-85.71428571428572,0.0
521,0.0,-45.39007092198578,49.10930291372498,21.389390781907075,19.03420011694095,7.8940790245453405,-78.57142857142857,0.0
522,1.0,-32.86264441591787,50.82505143477661,20.422406911106805,18.173691059233914,7.54496607225191,-71.42857142857143,0.0
523,1.0,-29.291553133514974,50.704332569779886,18.973897820080566,20.41766721894431,7.549429260175663,-64.28571428571429,0.0
524,1.0,-34.0599455040872,49.59433475890961,22.61007946980301,18.48852620938308,7.8190616663545445,35.714285714285715,0.0
525,0.0,-45.23160762942775,46.998417883229564,21.07023554588831,17.360347670050494,7.978084632181134,35.714285714285715,0.0
526,0.0,-47.9564032697547,46.36101724235316,22.08759608134446,16.741681564733142,7.727196934043901,35.714285714285715,0.0
527,1.0,-30.734463276836163,54.10342748439675,19.22135294295272,26.067189524970054,7.720371557777729,64.28571428571429,0.0
528,1.0,-48.022598870056505,49.05302937368964,17.83099864289244,24.181649565629346,8.06805788634884,64.28571428571429,0.0
529,1.0,-43.72881355932205,50.29406969179623,17.130876633789192,23.232173576292794,7.713623054076173,64.28571428571429,0.0
530,0.0,-58.30508474576268,46.181386206050654,18.492331967143297,22.0792547983124,7.823881163880729,64.28571428571429,0.0
531,0.0,-58.30508474576268,46.181386206050654,19.158222989122155,21.395667088119026,7.4971489895879175,64.28571428571429,0.0
532,0.0,-82.36842105263153,42.726173049277,21.866814966166366,20.201616915486746,7.620764259254447,64.28571428571429,0.0
533,0.0,-84.2406876790831,44.27718979019218,21.24476906065024,19.626940946145652,7.200078442882109,57.142857142857146,0.0
534,0.0,-91.26074498567341,42.6724485536935,20.735395903861047,19.12732393639115,6.963414269443486,-35.714285714285715,0.0
535,0.0,-96.14835948644789,41.45079474627209,21.71738552814896,18.69084598126142,6.692894645203993,-57.142857142857146,0.0
536,0.0,-98.1333333333334,39.414541823774016,22.79678313942334,18.160469072404446,6.521634467636036,-64.28571428571429,0.0
537,0.0,-79.46666666666673,45.879712352862526,21.66636140549085,19.8101310321687,6.101851095113133,-64.28571428571429,0.0
538,0.0,-77.0666666666667,46.66772082114994,20.725603813022516,21.321662531487863,5.891105977849958,-64.28571428571429,0.0
539,0.0,-92.5333333333333,42.38470104034697,22.54677207831541,20.008664587372852,6.0401329042973035,-64.28571428571429,0.0
540,0.0,-89.12500000000004,41.709476033002204,23.986561668587676,19.069643279282953,5.9199493841427415,-92.85714285714286,0.0
541,0.0,-88.71224165341813,41.11546344419148,22.903673819027322,18.675756192245444,5.786038152504317,-92.85714285714286,0.0
542,0.0,-81.92534381139492,42.27742197762686,22.00890202088702,19.154404932989657,5.554406273917677,-85.71428571428572,0.0
543,0.0,-94.58917835671338,38.32191518892081,24.839563232058794,17.882397418871594,5.706841290937952,-100.0,0.0
544,0.0,-98.0952380952381,36.24529179099678,25.699731262649028,17.316063869030494,5.577174970414953,-100.0,0.0
545,0.0,-65.24064171122996,43.16472559459497,23.815320216484388,20.176129327359174,5.374183166692889,-100.0,0.0
546,0.0,-91.92200557103067,38.88296984651343,22.59066824285792,18.675965070176993,5.593333134415928,-100.0,0.0
547,0.0,-50.139275766016645,46.4149267266704,20.81994831814819,17.712406328823818,5.3705446814177655,-57.142857142857146,0.0
548,0.0,-41.225626740947085,47.89031865318071,19.400108371067688,19.223966388786263,5.298760484579117,-57.142857142857146,0.0
549,0.0,-69.63788300835658,43.7548507252473,18.444412960746313,18.27694815081936,5.344411210098006,-57.142857142857146,0.0
550,0.0,-89.13649025069643,41.12992283900724,21.90806521438045,17.227870313071502,5.385698329779277,-85.71428571428572,0.0
551,0.0,-86.40776699029131,39.807279313415194,23.06165805759888,16.289595218001164,5.352235727930333,-92.85714285714286,0.0
552,0.0,-40.877598152424895,47.79266260985528,19.1149181580667,24.133752869346747,5.6956305499924875,-100.0,0.0
553,0.0,-55.4272517321017,45.23214880473085,16.79201577592201,21.200946588581232,6.142376310441895,0.0,0.0
554,0.0,-39.72286374133957,48.44290535876871,15.82950809182865,19.985721789255916,5.920980720829943,0.0,0.0
555,0.0,-60.50808314087755,44.70716180305314,18.38295138712933,18.637185314101302,6.06771367275093,0.0,0.0
556,0.0,-54.73441108545032,45.953950934299954,17.840945669902265,18.087683725344682,5.758852225205665,0.0,0.0
557,1.0,-40.646651270207926,48.977127677262914,16.748591500441872,19.71934158740653,5.586798782560268,0.0,0.0
558,1.0,-51.501154734411166,46.80471705703366,15.887118175159307,18.951956771316752,5.551247004568547,0.0,0.0
559,1.0,-35.64727954971856,53.139014970628025,13.649187016318304,24.619954905445386,5.755121428192724,50.0,0.0
560,1.0,-42.40150093808623,51.35640821764533,13.019311701544002,23.48380651600237,5.66514636048404,50.0,0.0
561,1.0,-23.46820809248554,64.13370754224525,10.495346468701452,34.41305457152586,5.87829030975546,64.28571428571429,0.0
562,1.0,-36.24272651704073,66.90287567003664,8.695776562750117,38.75181411349935,6.400248434194049,71.42857142857143,0.0
563,1.0,-45.8021612635079,61.31881866707719,10.534199587756047,36.21184023839416,6.564878077300993,71.42857142857143,0.0
564,1.0,-18.956743002544545,73.97245779849072,8.06609882636662,47.813562177347336,6.7796749523218836,85.71428571428572,0.0
565,1.0,-35.241730279898206,64.60510614776963,7.2904308531880835,43.21562088467227,7.418352340304104,85.71428571428572,0.0
566,1.0,-36.91803278688524,64.29684155656,11.663738109174918,39.38586406503678,7.575609743982542,85.71428571428572,0.0
567,1.0,-48.7788331071913,59.03838779251445,10.926177813464626,36.895286063824365,7.8200827986620105,78.57142857142857,0.0
568,1.0,-40.773405698778824,61.59684091333054,10.110992730939104,36.41222819091137,7.608801035464895,64.28571428571429,0.0
569,1.0,-46.398305084745765,59.69136852034737,9.728996432071488,35.0365634295384,7.4500305610001805,64.28571428571429,0.0
570,1.0,-44.70338983050849,60.258773813113265,9.21972988214,34.709087715909945,7.254570287988756,50.0,0.0
571,1.0,-40.59616749467709,61.7331925351742,8.833506820157524,33.255091741231176,6.921424913313768,50.0,0.0
572,1.0,-39.88644428672817,61.9822051480128,8.479825741236413,32.63177043408215,6.67805082052549,35.714285714285715,0.0
573,1.0,-55.50351288056204,56.12211746623647,10.300681114258504,31.047178595177492,6.7745816463481585,35.714285714285715,0.0
574,1.0,-61.58059467918623,53.351383769462444,13.008284740732886,29.87974431394786,6.670656845310326,28.571428571428573,0.0
575,0.0,-77.02169625246549,53.54636946009392,12.777438176558881,29.349494826736528,6.295885948093018,21.42857142857143,0.0
576,0.0,-75.04930966469423,54.233088377333814,13.682081524759674,28.42233414599115,6.004500426154887,7.142857142857143,0.0
577,0.0,-88.09012875536479,51.76097852369206,14.346567535232044,27.020261982905375,5.960860505007994,7.142857142857143,0.0
578,0.0,-87.3146622734761,52.87899801920282,14.001742733047784,26.370820472220597,5.6269112469724725,0.0,0.0
579,0.0,-71.68539325842701,54.785812256101366,13.507272680310276,27.615505939341915,5.345415708960872,-85.71428571428572,0.0
580,0.0,-78.65168539325836,53.315868708745995,13.109423850049609,26.802107335859276,5.156913174292954,-64.28571428571429,0.0
581,0.0,-90.56179775280901,50.80602527681983,14.158042751602562,25.857322414799228,5.035365564337955,-64.28571428571429,0.0
582,0.0,-98.84559884559886,38.1450618889687,24.295988526812557,22.497444359473924,5.936513963711974,-100.0,0.0
583,0.0,-83.16546762589924,42.87259939089271,22.738756086524976,20.987956580212828,5.724181123531927,-78.57142857142857,0.0
584,0.0,-83.45323741007195,42.80674212697175,22.10506452719269,20.403056910155904,5.470883906880562,-78.57142857142857,0.0
585,0.0,-94.64788732394368,39.77963897518573,25.14890734430794,19.270150124432416,5.527461763820178,-92.85714285714286,0.0
586,0.0,-79.9139167862267,42.719394334288445,24.675347204727046,17.72818290305329,5.47703551938298,-100.0,0.0
587,0.0,-53.47985347985341,47.76832741333051,23.414287383199678,19.18090660855702,5.18535867863682,-92.85714285714286,0.0
588,0.0,-13.435700575815789,55.12880081158609,21.060406781708714,26.468030990891993,5.068195054025254,-85.71428571428572,0.0
589,1.0,-17.27272727272731,55.26664287158791,19.12333859019273,25.523089339854167,5.177290700488086,21.42857142857143,0.0
590,1.0,-6.300484652665501,59.45799375572215,17.514884584424447,25.91065866245933,5.077661443286249,28.571428571428573,0.0
591,1.0,-12.932330827067686,59.41003620275643,16.61455127754188,26.304720090488065,4.971771131239457,35.714285714285715,0.0
592,1.0,-24.81203007518804,55.595036089314576,17.639359912986983,25.11726194835578,4.936759078089647,35.714285714285715,0.0
593,1.0,-21.052631578947352,56.54599585006523,18.67392089816205,23.990824540599316,4.76758760750937,35.714285714285715,0.0
594,1.0,-24.81203007518804,55.27127587229484,17.47165395810184,25.405422963595147,4.763225939781378,35.714285714285715,0.0
595,1.0,-35.789473684210506,51.612503465418726,18.80895390413152,24.137268513651353,4.747800314004859,35.714285714285715,0.0
596,1.0,-39.5488721804511,50.382469268069244,19.92270437371112,23.128362628016006,4.632483234426267,35.714285714285715,0.0
597,0.0,-43.308270676691784,49.12174325183399,21.21498968056238,22.151384949591595,4.5222689754937475,35.714285714285715,0.0
598,0.0,-55.63909774436088,45.132511265360705,21.69812520269496,21.159070559841517,4.497874359530639,35.714285714285715,0.0
599,0.0,-45.714285714285744,48.74080644098993,20.567004422642356,21.199249877608896,4.3257613612962285,35.714285714285715,0.0
600,0.0,-76.66034155597724,44.017431517561874,21.405603185007838,19.960701573545602,4.387521169860618,35.714285714285715,0.0
601,0.0,-93.07875894988054,44.823599953005235,20.762791122684856,19.361280028027515,4.183579103463995,28.571428571428573,0.0
602,0.0,-82.00455580865611,46.598224833949544,21.422516533832535,18.576412422237482,4.014717950898887,-78.57142857142857,0.0
603,0.0,-88.38268792710707,45.13898572488867,20.838491290295426,18.384542294728995,3.862857752456398,-78.57142857142857,0.0
604,0.0,-46.46924829157174,55.09144941343561,18.260948870572534,26.401657802841292,3.8902854603664467,-78.57142857142857,0.0
605,1.0,-41.30982367758183,54.974707568342374,16.94291882860596,27.511687761718495,3.895525198637647,-78.57142857142857,0.0
606,1.0,-22.921914357682542,58.43672803756517,15.744268980622625,26.40637662641186,3.8175292457262104,-57.142857142857146,0.0
607,1.0,-8.020050125313205,61.12651696946965,14.80557305400162,26.13464375556286,3.70976251617737,35.714285714285715,0.0
608,1.0,-6.020558002936826,70.36873421377881,12.654751713187352,35.343255270529426,3.7629464380415314,42.85714285714286,0.0
609,1.0,-32.89280469897209,60.06048967434451,11.286959749785394,31.523170798297762,4.0998826415082315,42.85714285714286,0.0
610,1.0,-24.963289280469816,61.83702774474777,11.275798647869957,27.843829981770035,4.251727033890042,42.85714285714286,0.0
611,1.0,-19.97063142437583,62.954350982207885,10.539291168928013,26.02513938038763,4.18821302258775,42.85714285714286,0.0
612,1.0,-4.992657856093883,66.1556669288259,10.008967419454622,24.715587411896127,3.993805816321844,42.85714285714286,0.0
613,1.0,-7.432432432432473,70.81546103324783,8.865861689509664,31.865389625281914,4.016220134764251,78.57142857142857,0.0
614,1.0,-25.35934291581104,65.5400334492891,7.977150732849947,32.11945810613138,4.238507933275852,85.71428571428572,0.0
615,1.0,-40.65708418891167,58.21496681587902,15.360546721838869,28.654947424848594,4.573751408948117,85.71428571428572,0.0
616,1.0,-40.681576144834956,58.682237108120525,19.036191213211627,25.97203960889125,4.669648945680286,85.71428571428572,0.0
617,1.0,-19.590958019375666,64.74719442024656,16.474458348019855,31.413340574868826,4.775567593442165,78.57142857142857,0.0
618,1.0,-24.083769633507817,64.64500390266942,15.448330530214974,31.08465888372443,4.731223500678874,71.42857142857143,0.0
619,1.0,-7.832898172323775,68.54757899118891,14.021512892702376,30.704283910288115,4.680161133607192,100.0,0.0
620,1.0,-10.957178841309865,69.80154898678283,13.163359118891375,31.55298993894601,4.576283121205693,100.0,0.0
621,1.0,-7.236061684460292,73.40613145225053,11.31765813614364,31.500386745174886,4.770318994210842,100.0,0.0
622,1.0,-46.4902186421174,58.84217108789953,13.023074565382336,26.109999449052967,5.728084896019639,100.0,0.0
623,1.0,-34.75258918296895,61.54560813046396,12.020270478715162,24.099474667141045,5.62956872959649,85.71428571428572,0.0
624,1.0,-50.460829493087594,56.241145654725,11.332961612389244,22.7214871549754,5.720665581252924,85.71428571428572,0.0
625,1.0,-63.47926267281107,52.21436018011504,15.10079319910987,21.258807147897322,5.8314963307091885,42.85714285714286,2.0
626,0.0,-76.61290322580645,48.44583137714141,18.654910714940094,19.482604014569166,6.0748297157457865,42.85714285714286,2.0
627,0.0,-68.98192197906756,46.54187566380121,23.332078176681776,17.236951984156423,6.471623607257877,-35.714285714285715,2.0
628,0.0,-84.20551855375831,41.82172572746031,21.302846200674587,15.737823879480867,6.856537397583937,-35.714285714285715,2.0
629,0.0,-87.4405328258801,40.87310382254318,20.862573634414698,15.101335009798039,6.694513631109879,-35.714285714285715,2.0
630,0.0,-90.0095147478592,40.095327891827395,19.870897740037815,16.515327930248688,6.573283303658985,-35.714285714285715,2.0
631,0.0,-83.44433872502378,43.07644414380915,18.387686361491085,17.03380971363744,6.477619668951946,-35.714285714285715,2.0
632,0.0,-73.26355851569932,47.44419892010281,17.078228866903306,17.514966844395925,6.300603975426575,-35.714285714285715,2.0
633,0.0,-75.07136060894388,46.75811424258873,16.481893872009206,16.90338189931039,6.091557256204659,-35.714285714285715,2.0
634,0.0,-81.16079923882019,44.4275655821796,18.008215284410497,16.2505167632294,5.981121234063305,-35.714285714285715,2.0
635,0.0,-83.72978116079922,43.44378705890409,18.04644582163742,15.676701726748782,5.797689205790045,-35.714285714285715,2.0
636,0.0,-93.14903846153842,39.46972460946983,20.47258528538329,14.997517756830572,5.7996375869588865,-35.714285714285715,2.0
637,0.0,-94.55930359085964,34.57041105847296,25.272371926075287,13.681826572266026,6.1752017427739485,-100.0,2.0
638,0.0,-95.6656346749226,29.976791994525453,29.00317393153672,12.569119435766815,6.589737685468106,-100.0,2.0
639,0.0,-80.95703125000001,30.03005048202724,31.727900145105604,11.63842494194567,6.606406784553386,-100.0,2.0
640,0.0,-74.94481236203089,31.81718167714417,29.188735745041495,15.248359064443633,6.605503064734242,-92.85714285714286,2.0
641,0.0,-72.47058823529412,32.22498171670562,28.065695539860368,14.661676570142134,6.366031509807009,-85.71428571428572,2.0
642,0.0,-77.88235294117645,30.91638595260724,29.084624873400834,14.025878950872507,6.263723233363034,-50.0,2.0
643,0.0,-87.7647058823529,28.630044982985513,28.623527867582432,13.400090316312157,6.243753835759983,-50.0,2.0
644,0.0,-90.82352941176468,27.941270308107804,28.66413181792235,13.076127343547045,5.988855764227259,-50.0,2.0
645,0.0,-92.85714285714289,25.73579352513249,32.55417510336384,12.281568474337961,6.081484605412605,-92.85714285714286,2.0
646,0.0,-96.61335841956726,21.866929915389903,35.353704447476375,11.278047283148549,6.517599956752481,-100.0,2.0
647,0.0,-87.97577854671279,20.88470877823229,37.89602632628279,10.306095751956292,6.7399951178342175,-100.0,2.0
648,0.0,-85.17857142857142,22.823154261422818,36.1952977701612,10.437009248076956,6.492991847295344,-92.85714285714286,2.0
649,0.0,-71.74329501915707,31.463404440056575,33.41881475322672,13.213669336079736,6.257945526148487,-85.71428571428572,2.0
650,0.0,-68.6734693877551,32.22354578795385,31.814136113272333,12.579185644913519,6.080473544636177,-78.57142857142857,2.0
651,0.0,-67.56066411238822,30.608823736608947,29.675443011659862,14.695995443267803,6.158115982351011,-71.42857142857143,2.0
652,0.0,-65.29255319148936,31.09990248392763,31.39070876728028,13.932388072245658,6.017863460384092,-64.28571428571429,2.0
653,0.0,-62.63297872340428,32.56824704450079,28.136127766578266,19.599489245236,6.193926848404141,-50.0,2.0
654,0.0,-65.30014641288433,31.002875336210607,27.21465809456062,18.95759797020511,6.032394563693755,-50.0,2.0
655,0.0,-40.76433121019103,40.4588460664131,25.663013474486014,20.450325126997992,5.687375467690352,-42.85714285714286,2.0
656,1.0,-23.34437086092718,45.84643538008725,23.01354445842816,26.36885490990013,5.724894154933658,-35.714285714285715,2.0
657,1.0,-35.84905660377362,41.85727510327326,21.55768930278604,24.700740142168293,5.8341048959881805,-28.571428571428573,2.0
658,1.0,-42.881646655231556,40.12518112943116,21.81182781078666,23.37069121738662,5.800620952493371,64.28571428571429,2.0
659,0.0,-65.86620926243569,35.02398848576533,24.12871324645508,22.045639551062614,5.965166740677906,64.28571428571429,2.0
660,0.0,-49.74271012006866,40.71760482940975,22.89305047610004,20.768609679843646,5.700982765664624,64.28571428571429,2.0
661,0.0,-62.80623608017811,41.189921987440414,22.046694329638512,20.00079411614903,5.482812365241829,64.28571428571429,2.0
662,0.0,-79.04328018223232,38.5055692608605,21.572819758682208,19.293739554562926,5.390754161490539,57.142857142857146,2.0
663,0.0,-97.35576923076921,36.236271730224715,23.09403044544373,18.337077699616753,5.369430232315759,50.0,2.0
664,0.0,-85.84070796460176,37.400779600456666,23.67552816785867,17.48740718645662,5.198476556495881,-57.142857142857146,2.0
665,0.0,-78.98230088495569,39.568144860522494,22.840463027152836,17.251915380219586,4.952381378698119,-57.142857142857146,2.0
666,0.0,-93.80530973451326,36.61729423728153,22.876339229458708,16.571422750648924,4.895881298586072,-57.142857142857146,2.0
667,0.0,-91.15044247787611,37.51608968370889,22.42388438253013,16.24366836351436,4.619172618952503,-57.142857142857146,2.0
668,0.0,-94.4690265486725,36.81335691340989,21.93214952724941,15.942282543891428,4.407652814174621,-57.142857142857146,2.0
669,0.0,-88.71681415929203,38.94806666759107,20.825566092675196,17.156111201110843,4.2727144376521595,-57.142857142857146,2.0
670,0.0,-59.02578796561598,45.91141803140618,19.202518109143803,20.71783754000332,4.174087923831759,-57.142857142857146,2.0
671,1.0,-50.69930069930075,45.789151291038216,18.116432942157534,19.54604663652206,4.110977065014993,-50.0,2.0
672,1.0,-25.247524752475247,46.55553288570084,17.406092608402957,18.779651544524654,3.960229444434011,-42.85714285714286,2.0
673,0.0,-66.9642857142858,39.31335734436801,23.310040306654393,15.49783702685226,4.638166471768542,0.0,2.0
674,0.0,-90.77380952380958,35.39317255850881,22.061974023328133,14.668051766799412,4.6768716714877385,0.0,2.0
675,0.0,-81.54761904761914,37.974214535408485,21.50938972752415,14.300662382340763,4.406958269040186,0.0,2.0
676,0.0,-81.84523809523813,37.92158541303394,18.983288440585362,21.50865396323553,4.638313103812761,0.0,2.0
677,0.0,-66.3690476190477,42.39257652876811,17.960083269510182,20.349330802396988,4.472486446834442,0.0,2.0
678,0.0,-79.16666666666667,39.83749364652415,17.66563825223217,19.511237262904434,4.395198274109978,0.0,2.0
679,0.0,-72.3214285714286,41.85615285533362,17.211725471128943,19.009902420521886,4.156150829697946,0.0,2.0
680,0.0,-66.9642857142858,43.4551922774577,16.11705234254126,20.5097716390077,4.096351970700384,0.0,2.0
681,0.0,-75.00000000000006,41.60679380907265,15.621694415463738,19.879403396229485,3.9604848672745607,0.0,2.0
682,0.0,-85.71428571428577,39.21185338656778,18.281611092846525,18.738197964283437,3.950034846879284,0.0,2.0
683,0.0,-81.25000000000004,40.74240481840975,17.756598417227885,18.20007299271845,3.7568930611870477,0.0,2.0
684,0.0,-91.36904761904766,38.38331821897563,18.35106384769378,17.558311830381022,3.6587551067853994,0.0,2.0
685,0.0,-95.04373177842565,37.09083992174973,19.070110032383322,16.963686882738767,3.539865818722706,-85.71428571428572,2.0
686,0.0,-95.21276595744678,34.95591559669874,20.547094389281654,16.153625799839382,3.490912586889024,-92.85714285714286,2.0
687,0.0,-90.35714285714289,35.20693600749394,20.517008422184546,15.712871726809993,3.3301340319128734,-100.0,2.0
688,0.0,-93.31210191082803,32.50505157082797,22.18746050407617,14.967639465669455,3.292770891809386,-85.71428571428572,2.0
689,0.0,-84.4387755102041,30.13874004001359,24.669865397951522,12.857531826042342,3.608513295419602,-92.85714285714286,2.0
690,0.0,-88.14814814814818,24.98422284968008,28.178499220721832,11.535128151038734,3.875731837344637,-100.0,2.0
691,0.0,-92.18181818181816,19.43567923453343,34.03058842498125,9.962017839314349,4.425874787582062,-100.0,0.0
692,0.0,-91.07692307692311,17.18215284499456,36.86035794481213,8.958136182878857,4.7313528038291075,-85.71428571428572,0.0
693,0.0,-83.07692307692308,23.05957150205452,33.332863877438314,9.624719928321335,4.755806427321008,-85.71428571428572,0.0
694,0.0,-97.88961038961044,20.182267658163497,31.437601731917354,8.684126656479647,5.094996423439753,-85.71428571428572,0.0
695,0.0,-94.80916030534351,19.299964386518052,32.835193052106874,8.085854979176228,5.152960428010302,-100.0,0.0
696,0.0,-88.78205128205128,23.242209618930982,31.42812376542019,7.739356081492074,4.923180388990012,-92.85714285714286,0.0
697,0.0,-93.14641744548288,21.54225613465751,31.82609242913538,7.202768689200155,5.026621878385835,-100.0,0.0
698,0.0,-99.19224555735053,20.382737667581317,30.710039132090593,6.950187453808727,4.920055571693352,-100.0,0.0
699,0.0,-96.94323144104804,18.81658067219125,33.81929504395766,6.59258035429555,4.937883996195244,-100.0,0.0
700,0.0,-91.82879377431907,17.71704335294498,36.866655260429596,6.120367917284987,5.034141631880459,-78.57142857142857,0.0
701,0.0,-91.3099870298314,18.207250298520584,34.15978431312132,7.5553047990920845,5.035734899753868,-78.57142857142857,0.0
702,0.0,-85.99221789883268,23.25424101487999,30.759068653564952,10.58365113478841,5.097286765162996,-78.57142857142857,0.0
703,0.0,-85.84905660377362,22.59506023993004,29.536504304325867,10.162988379751562,4.969328939075008,-78.57142857142857,0.0
704,0.0,-84.70790378006873,21.363204486709034,32.776906236907124,9.183487925936362,5.1864777464743845,-100.0,0.0
705,0.0,-91.68490153172867,19.634055884785,31.159821204789615,8.730410360887172,5.1877613541271215,-92.85714285714286,0.0
706,0.0,-89.39393939393939,20.449835334736317,32.086538410134835,8.300975928278964,5.052123843688196,-92.85714285714286,0.0
707,0.0,-92.39373601789708,19.90582691011745,30.765164692045765,7.9591287870911405,4.927498525494531,-92.85714285714286,0.0
708,0.0,-87.57396449704144,21.111181081956996,30.59960536844814,7.730564982099559,4.693039067249928,-85.71428571428572,0.0
709,0.0,-60.912052117263876,31.87592431430578,27.572477585941556,15.743834604697149,4.664635275360978,-78.57142857142857,0.0
710,0.0,-73.61563517915306,29.69413136324218,26.103640560197615,14.905131331750837,4.657820696028735,-64.28571428571429,0.0
711,0.0,-60.2409638554217,32.007291351073874,24.633873376151467,14.571198807402736,4.545280316144056,-64.28571428571429,0.0
712,0.0,-71.30801687763712,30.166466742542525,24.561579964399353,13.78869992313928,4.524563248142488,-57.142857142857146,0.0
713,1.0,-22.491349480968836,46.76029866171209,20.70656409761954,23.64645966161992,4.645844157151518,50.0,0.0
714,1.0,-10.38062283737015,49.650990092120274,18.886284823258865,21.567739105610308,4.658950187875675,50.0,0.0
715,1.0,-40.33898305084747,43.60463668261005,17.120347448523916,21.664515485696327,4.948141895609422,64.28571428571429,0.0
716,1.0,-28.813559322033903,46.47983978130284,16.396588315090675,20.748652592065014,4.726225456579273,64.28571428571429,0.0
717,1.0,-32.88135593220347,45.596268795067296,15.736143534417705,20.45907065267437,4.596938550731042,64.28571428571429,0.0
718,1.0,-61.35593220338986,39.8811274579747,20.20826469643926,18.07971044914933,5.015452875359426,64.28571428571429,0.0
719,1.0,-43.05084745762721,44.68142147762899,18.727569066637432,16.754977788909837,4.9046032672764985,64.28571428571429,0.0
720,1.0,-50.51194539249155,43.23561917298321,17.87861200537831,15.99544211962349,4.815557181314261,64.28571428571429,0.0
721,0.0,-59.38566552901023,41.4474109987042,18.859771765259136,15.167847544302354,4.771324350987947,50.0,0.0
722,0.0,-60.594795539033505,42.53038664104453,18.141546713952646,14.590219765116666,4.582994480339124,50.0,0.0
723,0.0,-59.07335907335908,43.55252365272974,17.363502314790814,15.418294012497253,4.426300882243984,42.85714285714286,0.0
724,0.0,-71.04247104247113,41.11145462846564,17.229182358324675,14.639031134331908,4.390231790822991,21.42857142857143,0.0
725,1.0,-28.185328185328235,51.57705013717706,14.759985806427899,20.70106992976286,4.528969753771735,21.42857142857143,0.0
726,1.0,-70.12448132780086,44.25216846616151,13.494413065145396,18.92608788289115,4.800239682323531,21.42857142857143,0.0
727,0.0,-68.30357142857139,45.637883421450766,12.930330084214242,18.13495424715557,4.618290456175475,14.285714285714286,0.0
728,0.0,-80.8035714285714,43.59562109269872,12.679746612084763,17.479239476438853,4.506121694643646,-71.42857142857143,0.0
729,0.0,-77.51196172248802,43.98128219601293,13.03225636112849,16.925625310403934,4.313246285797727,-71.42857142857143,0.0
730,0.0,-62.200956937799035,47.09760896111844,12.035297883887113,22.23076636711796,4.274639489835647,0.0,0.0
731,1.0,-32.535885167464095,52.599581247470674,11.194431556220342,22.180085773195188,4.151923212214588,0.0,0.0
732,1.0,-17.670682730923662,68.10085566674228,8.594030446741208,37.64854659005259,4.494019818780447,50.0,0.0
733,1.0,-26.46153846153846,70.70860916116827,7.238371935936523,40.27296340147558,4.8263243599806716,57.142857142857146,0.0
734,1.0,-13.076923076923077,73.67391077879161,7.210033209568365,34.604375908161266,5.048526245333716,57.142857142857146,0.0
735,1.0,-9.98668442077232,76.88862956996344,6.200527415347389,36.035768764773465,5.236968469983924,71.42857142857143,0.0
736,1.0,-21.128608923884507,70.61423446420856,5.656434892845613,33.395405050131274,5.4760433002638855,78.57142857142857,0.0
737,1.0,-27.559055118110233,66.78002512186453,8.463800532522987,31.84983778670276,5.428374358291477,78.57142857142857,0.0
738,1.0,-26.50918635170604,67.09417359868485,8.20550387950744,30.87785050182034,5.183950557472146,78.57142857142857,0.0
