"Date","Price","Open","High","Low","Vol.","Change %"
"Mar 16, 2019","0.013309","0.013262","0.013500","0.013250","3.39K","0.36%"
"Mar 15, 2019","0.013262","0.013125","0.013304","0.013044","4.40K","1.04%"
"Mar 14, 2019","0.013125","0.013022","0.013450","0.012955","6.52K","0.79%"
"Mar 13, 2019","0.013022","0.012900","0.013100","0.012891","3.49K","1.00%"
"Mar 12, 2019","0.012893","0.012713","0.012900","0.012580","8.81K","1.42%"
"Mar 11, 2019","0.012713","0.012670","0.012750","0.012510","3.75K","0.34%"
"Mar 10, 2019","0.012670","0.012627","0.012694","0.012566","3.48K","0.34%"
"Mar 09, 2019","0.012627","0.012619","0.012817","0.012573","4.95K","0.06%"
"Mar 08, 2019","0.012619","0.012867","0.012930","0.012554","17.56K","-1.92%"
"Mar 07, 2019","0.012867","0.012830","0.013045","0.012747","8.66K","0.29%"
"Mar 06, 2019","0.012830","0.012701","0.012879","0.012598","8.29K","1.01%"
"Mar 05, 2019","0.012701","0.012645","0.012794","0.012514","10.10K","0.45%"
"Mar 04, 2019","0.012645","0.012821","0.012837","0.012440","7.26K","-1.37%"
"Mar 03, 2019","0.012821","0.012704","0.012821","0.012611","6.73K","1.20%"
"Mar 02, 2019","0.012668","0.012614","0.012700","0.012510","3.65K","0.43%"
"Mar 01, 2019","0.012614","0.012489","0.012645","0.012440","5.58K","1.00%"
"Feb 28, 2019","0.012489","0.012742","0.012759","0.012489","9.27K","-1.99%"
"Feb 27, 2019","0.012742","0.012576","0.012787","0.012459","10.16K","1.32%"
"Feb 26, 2019","0.012576","0.012648","0.012743","0.012494","9.51K","-0.56%"
"Feb 25, 2019","0.012648","0.012644","0.012750","0.012500","14.80K","0.03%"
"Feb 24, 2019","0.012644","0.013020","0.013319","0.012600","15.96K","-2.89%"
"Feb 23, 2019","0.013020","0.012824","0.013097","0.012810","8.55K","1.53%"
"Feb 22, 2019","0.012824","0.012550","0.012986","0.012550","9.06K","2.18%"
"Feb 21, 2019","0.012550","0.012930","0.012987","0.012511","14.66K","-2.94%"
"Feb 20, 2019","0.012930","0.013152","0.013188","0.012755","9.34K","-1.69%"
"Feb 19, 2019","0.013152","0.013080","0.013405","0.013037","9.77K","0.55%"
"Feb 18, 2019","0.013080","0.012951","0.013256","0.012890","12.16K","1.00%"
"Feb 17, 2019","0.012951","0.012790","0.013040","0.012703","17.87K","1.26%"
"Feb 16, 2019","0.012790","0.012965","0.013265","0.012726","22.39K","-1.35%"
"Feb 15, 2019","0.012965","0.012846","0.013333","0.012735","23.81K","0.93%"
"Feb 14, 2019","0.012846","0.013500","0.013619","0.012500","55.04K","-4.84%"
"Feb 13, 2019","0.013500","0.013400","0.013930","0.013310","21.02K","0.75%"
"Feb 12, 2019","0.013400","0.013173","0.013494","0.013050","8.70K","1.72%"
"Feb 11, 2019","0.013173","0.013485","0.013520","0.012903","9.72K","-2.31%"
"Feb 10, 2019","0.013485","0.013180","0.013540","0.012878","10.80K","2.32%"
"Feb 09, 2019","0.013180","0.013116","0.013278","0.013007","7.26K","0.49%"
"Feb 08, 2019","0.013116","0.012670","0.013424","0.012670","18.14K","3.52%"
"Feb 07, 2019","0.012670","0.012650","0.012844","0.012620","9.80K","0.16%"
"Feb 06, 2019","0.012650","0.012452","0.012650","0.012387","10.30K","1.59%"
"Feb 05, 2019","0.012452","0.012330","0.012532","0.012310","8.23K","0.99%"
"Feb 04, 2019","0.012330","0.012355","0.012411","0.012161","11.60K","-0.20%"
"Feb 03, 2019","0.012355","0.012291","0.012608","0.012225","28.94K","0.52%"
"Feb 02, 2019","0.012291","0.012477","0.012550","0.011960","17.59K","-1.55%"
"Feb 01, 2019","0.012485","0.012605","0.012760","0.012430","8.01K","-0.95%"
"Jan 31, 2019","0.012605","0.012633","0.012780","0.012540","7.29K","-0.22%"
"Jan 30, 2019","0.012633","0.012570","0.012851","0.012459","9.58K","0.50%"
"Jan 29, 2019","0.012570","0.012518","0.012800","0.012482","16.32K","0.41%"
"Jan 28, 2019","0.012518","0.013015","0.013150","0.012451","10.07K","-3.82%"
"Jan 27, 2019","0.013015","0.012690","0.013047","0.012650","8.47K","2.56%"
"Jan 26, 2019","0.012690","0.013046","0.013054","0.012650","5.89K","-2.73%"
"Jan 25, 2019","0.013046","0.012715","0.013143","0.012563","9.63K","2.60%"
"Jan 24, 2019","0.012715","0.012500","0.012955","0.012480","14.97K","1.72%"
"Jan 23, 2019","0.012500","0.012748","0.012800","0.012485","11.81K","-1.95%"
"Jan 22, 2019","0.012748","0.012480","0.012820","0.012438","10.19K","2.15%"
"Jan 21, 2019","0.012480","0.012240","0.012514","0.012230","6.29K","1.96%"
"Jan 20, 2019","0.012240","0.012355","0.012451","0.012239","6.53K","-0.93%"
"Jan 19, 2019","0.012355","0.012307","0.012452","0.012289","6.60K","0.39%"
"Jan 18, 2019","0.012307","0.012386","0.012479","0.012288","6.21K","-0.64%"
"Jan 17, 2019","0.012386","0.012685","0.012775","0.012283","12.67K","-2.36%"
"Jan 16, 2019","0.012685","0.012355","0.012700","0.012275","11.96K","2.67%"
"Jan 15, 2019","0.012355","0.012390","0.012540","0.012267","9.58K","-0.28%"
"Jan 14, 2019","0.012390","0.012101","0.012500","0.012095","11.17K","2.38%"
"Jan 13, 2019","0.012101","0.012282","0.012475","0.012028","18.34K","-1.47%"
"Jan 12, 2019","0.012282","0.012410","0.012479","0.012200","8.26K","-1.03%"
"Jan 11, 2019","0.012410","0.012325","0.012679","0.012251","12.65K","0.69%"
"Jan 10, 2019","0.012325","0.013045","0.013149","0.012050","29.54K","-5.52%"
"Jan 09, 2019","0.013045","0.013145","0.013450","0.012900","9.10K","-0.76%"
"Jan 08, 2019","0.013145","0.013165","0.013393","0.013048","10.68K","-0.15%"
"Jan 07, 2019","0.013165","0.013500","0.013650","0.012900","13.27K","-2.48%"
"Jan 06, 2019","0.013500","0.012949","0.013589","0.012888","19.85K","3.80%"
"Jan 05, 2019","0.013006","0.013050","0.013279","0.012800","9.43K","-0.34%"
"Jan 04, 2019","0.013050","0.012938","0.013303","0.012918","9.55K","0.86%"
"Jan 03, 2019","0.012938","0.013290","0.013367","0.012900","13.06K","-2.65%"
"Jan 02, 2019","0.013290","0.012495","0.013864","0.012432","31.11K","6.36%"
"Jan 01, 2019","0.012495","0.012274","0.012629","0.012105","6.91K","1.80%"
"Dec 31, 2018","0.012274","0.012460","0.012714","0.012100","15.94K","-1.49%"
"Dec 30, 2018","0.012460","0.012550","0.012707","0.012370","9.80K","-0.93%"
"Dec 29, 2018","0.012577","0.012697","0.012768","0.012300","17.61K","-0.94%"
"Dec 28, 2018","0.012697","0.012123","0.013100","0.012020","25.37K","4.73%"
"Dec 27, 2018","0.012123","0.012800","0.012827","0.012004","18.83K","-5.29%"
"Dec 26, 2018","0.012800","0.013265","0.013440","0.012579","20.84K","-3.51%"
"Dec 25, 2018","0.013265","0.013749","0.013805","0.012770","16.71K","-3.52%"
"Dec 24, 2018","0.013749","0.013266","0.014164","0.013236","23.24K","3.64%"
"Dec 23, 2018","0.013266","0.012845","0.013500","0.012840","12.24K","2.91%"
"Dec 22, 2018","0.012890","0.013287","0.013347","0.012800","12.01K","-3.10%"
"Dec 21, 2018","0.013303","0.013364","0.013620","0.012757","17.19K","-0.46%"
"Dec 20, 2018","0.013364","0.012341","0.013472","0.012293","25.41K","8.29%"
"Dec 19, 2018","0.012341","0.012616","0.012947","0.012253","26.86K","-2.16%"
"Dec 18, 2018","0.012613","0.012290","0.012912","0.012250","18.99K","2.63%"
"Dec 17, 2018","0.012290","0.012055","0.012520","0.011973","13.44K","1.95%"
"Dec 16, 2018","0.012055","0.011965","0.012362","0.011965","12.16K","0.75%"
"Dec 15, 2018","0.011965","0.012000","0.012195","0.011629","18.85K","-0.29%"
"Dec 14, 2018","0.012000","0.012344","0.012780","0.012000","22.42K","-2.76%"
"Dec 13, 2018","0.012340","0.012602","0.012654","0.012244","18.41K","-2.08%"
"Dec 12, 2018","0.012602","0.012431","0.012819","0.012431","12.47K","1.40%"
"Dec 11, 2018","0.012428","0.012705","0.012893","0.012415","20.12K","-2.18%"
"Dec 10, 2018","0.012705","0.013210","0.013320","0.012668","22.82K","-3.82%"
"Dec 09, 2018","0.013210","0.013045","0.013516","0.013000","20.40K","1.19%"
"Dec 08, 2018","0.013055","0.013644","0.014117","0.013039","21.72K","-4.32%"
"Dec 07, 2018","0.013644","0.013235","0.013650","0.012956","27.40K","3.09%"
"Dec 06, 2018","0.013235","0.013785","0.013913","0.013100","32.34K","-3.99%"
"Dec 05, 2018","0.013785","0.014380","0.014430","0.013744","16.03K","-4.34%"
"Dec 04, 2018","0.014410","0.014063","0.014500","0.014061","14.11K","2.47%"
"Dec 03, 2018","0.014063","0.014300","0.014472","0.013700","20.46K","-1.66%"
"Dec 02, 2018","0.014300","0.014180","0.014684","0.014152","13.93K","0.85%"
"Dec 01, 2018","0.014180","0.014451","0.014600","0.014137","15.19K","-1.87%"
"Nov 30, 2018","0.014451","0.014295","0.014500","0.014168","16.30K","1.09%"
"Nov 29, 2018","0.014295","0.014935","0.015007","0.014100","20.69K","-4.29%"
"Nov 28, 2018","0.014935","0.015020","0.015300","0.014607","17.84K","-0.57%"
"Nov 27, 2018","0.015020","0.014085","0.015225","0.014060","36.22K","6.64%"
"Nov 26, 2018","0.014085","0.014500","0.014799","0.014010","37.08K","-2.86%"
"Nov 25, 2018","0.014500","0.015070","0.015118","0.014000","30.47K","-3.78%"
"Nov 24, 2018","0.015070","0.015318","0.015535","0.014894","17.04K","-1.57%"
"Nov 23, 2018","0.015310","0.015095","0.015375","0.014763","25.02K","1.42%"
"Nov 22, 2018","0.015095","0.014910","0.015318","0.014810","12.34K","1.24%"
"Nov 21, 2018","0.014910","0.014844","0.015375","0.014593","26.38K","0.44%"
"Nov 20, 2018","0.014844","0.014898","0.015700","0.014701","32.48K","-0.36%"
"Nov 19, 2018","0.014898","0.015880","0.015951","0.014656","38.91K","-6.19%"
"Nov 18, 2018","0.015880","0.015850","0.016433","0.015750","18.87K","0.19%"
"Nov 17, 2018","0.015850","0.015565","0.015890","0.015296","17.21K","1.83%"
"Nov 16, 2018","0.015565","0.015680","0.015875","0.015562","9.87K","-0.73%"
"Nov 15, 2018","0.015680","0.015805","0.016100","0.015033","15.04K","-0.98%"
"Nov 14, 2018","0.015835","0.016505","0.016545","0.014656","44.78K","-4.06%"
"Nov 13, 2018","0.016505","0.016445","0.016741","0.016337","19.80K","0.36%"
"Nov 12, 2018","0.016445","0.016645","0.016724","0.016432","11.72K","-1.20%"
"Nov 11, 2018","0.016645","0.016345","0.016650","0.016100","15.22K","1.65%"
"Nov 10, 2018","0.016375","0.016750","0.016780","0.016313","12.22K","-2.24%"
"Nov 09, 2018","0.016750","0.016860","0.016948","0.016500","12.74K","-0.65%"
"Nov 08, 2018","0.016860","0.017055","0.017171","0.016791","15.17K","-1.15%"
"Nov 07, 2018","0.017055","0.017425","0.017475","0.016810","10.57K","-2.12%"
"Nov 06, 2018","0.017425","0.017386","0.017690","0.017139","12.98K","0.22%"
"Nov 05, 2018","0.017386","0.017440","0.017525","0.017061","20.15K","-0.31%"
"Nov 04, 2018","0.017440","0.016770","0.017599","0.016597","17.74K","4.00%"
"Nov 03, 2018","0.016770","0.016567","0.017000","0.016401","15.22K","1.23%"
"Nov 02, 2018","0.016567","0.016361","0.016660","0.016247","13.44K","1.26%"
"Nov 01, 2018","0.016361","0.016485","0.016500","0.016140","14.62K","-0.75%"
"Oct 31, 2018","0.016485","0.016308","0.016696","0.016270","15.57K","1.08%"
"Oct 30, 2018","0.016308","0.015995","0.016340","0.015980","11.42K","1.96%"
"Oct 29, 2018","0.015995","0.016169","0.016220","0.015921","13.83K","-1.07%"
"Oct 28, 2018","0.016169","0.016067","0.016263","0.015762","14.57K","0.64%"
"Oct 27, 2018","0.016067","0.016201","0.016248","0.016020","10.20K","-0.83%"
"Oct 26, 2018","0.016201","0.016460","0.016485","0.016163","12.51K","-1.57%"
"Oct 25, 2018","0.016460","0.016485","0.016509","0.016216","9.59K","-0.04%"
"Oct 24, 2018","0.016466","0.016805","0.016890","0.016449","9.29K","-1.93%"
"Oct 23, 2018","0.016790","0.016396","0.017075","0.016369","24.13K","2.41%"
"Oct 22, 2018","0.016396","0.016215","0.016405","0.016155","9.44K","1.05%"
"Oct 21, 2018","0.016225","0.016030","0.016373","0.016022","8.93K","1.22%"
"Oct 20, 2018","0.016030","0.016090","0.016285","0.016014","6.70K","-0.37%"
"Oct 19, 2018","0.016090","0.015920","0.016251","0.015885","12.79K","1.03%"
"Oct 18, 2018","0.015925","0.016250","0.016390","0.015821","6.73K","-2.00%"
"Oct 17, 2018","0.016250","0.016450","0.016450","0.016058","8.18K","-1.22%"
"Oct 16, 2018","0.016450","0.016212","0.016450","0.016039","7.57K","1.64%"
"Oct 15, 2018","0.016185","0.015960","0.016355","0.015672","20.50K","1.41%"
"Oct 14, 2018","0.015960","0.016405","0.016455","0.015939","10.14K","-2.71%"
"Oct 13, 2018","0.016405","0.016105","0.016483","0.016085","6.38K","1.86%"
"Oct 12, 2018","0.016105","0.016109","0.016557","0.016006","9.86K","-0.03%"
"Oct 11, 2018","0.016109","0.017357","0.017380","0.016109","25.92K","-7.19%"
"Oct 10, 2018","0.017357","0.017054","0.017400","0.016985","6.12K","1.53%"
"Oct 09, 2018","0.017095","0.017150","0.017208","0.017000","6.40K","-0.32%"
"Oct 08, 2018","0.017150","0.017169","0.017350","0.017099","5.66K","-0.11%"
"Oct 07, 2018","0.017169","0.017407","0.017494","0.017103","4.85K","-1.36%"
"Oct 06, 2018","0.017407","0.017400","0.017502","0.017184","6.08K","0.04%"
"Oct 05, 2018","0.017400","0.017443","0.017493","0.017236","6.52K","-0.25%"
"Oct 04, 2018","0.017443","0.017615","0.017675","0.017225","10.85K","-0.98%"
"Oct 03, 2018","0.017615","0.017850","0.018000","0.017330","10.59K","-1.32%"
"Oct 02, 2018","0.017850","0.017386","0.018300","0.017165","7.00K","2.67%"
"Oct 01, 2018","0.017386","0.017475","0.017633","0.017225","5.08K","-0.51%"
"Sep 30, 2018","0.017475","0.017356","0.017628","0.017302","2.64K","0.69%"
"Sep 29, 2018","0.017356","0.017595","0.017814","0.017212","4.89K","-1.36%"
"Sep 28, 2018","0.017595","0.017805","0.018081","0.017441","5.62K","-1.18%"
"Sep 27, 2018","0.017805","0.017786","0.018097","0.017470","6.79K","0.11%"
"Sep 26, 2018","0.017786","0.018045","0.018151","0.017349","8.77K","-1.44%"
"Sep 25, 2018","0.018045","0.017450","0.018045","0.017241","6.80K","3.32%"
"Sep 24, 2018","0.017465","0.018195","0.018357","0.017241","6.83K","-4.01%"
"Sep 23, 2018","0.018195","0.018180","0.018949","0.018000","14.93K","0.08%"
"Sep 22, 2018","0.018180","0.018324","0.018466","0.017843","6.32K","-0.78%"
"Sep 21, 2018","0.018324","0.017845","0.018400","0.017678","15.37K","2.68%"
"Sep 20, 2018","0.017845","0.017130","0.017875","0.017100","11.80K","4.17%"
"Sep 19, 2018","0.017130","0.017620","0.017759","0.017011","9.46K","-2.78%"
"Sep 18, 2018","0.017620","0.016930","0.017794","0.016632","12.28K","4.07%"
"Sep 17, 2018","0.016930","0.017963","0.018479","0.016913","26.54K","-5.75%"
"Sep 16, 2018","0.017963","0.018221","0.018271","0.017526","10.53K","-1.42%"
"Sep 15, 2018","0.018221","0.017927","0.018780","0.017886","15.39K","1.39%"
"Sep 14, 2018","0.017971","0.017272","0.018035","0.017000","14.32K","4.12%"
"Sep 13, 2018","0.017260","0.016425","0.017835","0.016315","16.68K","5.08%"
"Sep 12, 2018","0.016425","0.016688","0.016800","0.015500","21.43K","-1.58%"
"Sep 11, 2018","0.016688","0.016690","0.017167","0.016300","10.95K","0.05%"
"Sep 10, 2018","0.016680","0.016810","0.017230","0.016500","12.73K","-0.77%"
"Sep 09, 2018","0.016810","0.016780","0.017295","0.016320","12.76K","0.18%"
"Sep 08, 2018","0.016780","0.017300","0.017667","0.016500","11.49K","-3.01%"
"Sep 07, 2018","0.017300","0.018025","0.018364","0.017300","13.77K","-4.02%"
"Sep 06, 2018","0.018025","0.017080","0.018164","0.016870","18.87K","5.00%"
"Sep 05, 2018","0.017167","0.018723","0.019000","0.016850","27.15K","-8.31%"
"Sep 04, 2018","0.018723","0.018626","0.019220","0.018250","21.88K","0.52%"
"Sep 03, 2018","0.018626","0.016453","0.018800","0.016357","29.22K","13.21%"
"Sep 02, 2018","0.016453","0.016790","0.017199","0.016114","11.79K","-2.01%"
"Sep 01, 2018","0.016790","0.016515","0.017460","0.016336","19.50K","1.73%"
"Aug 31, 2018","0.016505","0.014779","0.016728","0.014776","28.69K","11.68%"
"Aug 30, 2018","0.014779","0.014737","0.015096","0.014100","10.12K","0.57%"
"Aug 29, 2018","0.014695","0.015248","0.015360","0.014500","13.62K","-3.45%"
"Aug 28, 2018","0.015220","0.015215","0.015260","0.014571","8.74K","0.07%"
"Aug 27, 2018","0.015210","0.014120","0.015314","0.013938","13.16K","7.72%"
"Aug 26, 2018","0.014120","0.013685","0.014150","0.013614","5.60K","3.10%"
"Aug 25, 2018","0.013695","0.013990","0.014315","0.013660","7.98K","-2.11%"
"Aug 24, 2018","0.013990","0.013750","0.014130","0.013551","14.41K","1.75%"
"Aug 23, 2018","0.013750","0.014095","0.014168","0.013750","9.69K","-2.45%"
"Aug 22, 2018","0.014095","0.014630","0.014675","0.013971","12.08K","-3.66%"
"Aug 21, 2018","0.014630","0.014800","0.015000","0.014320","10.53K","-1.15%"
"Aug 20, 2018","0.014800","0.015195","0.015790","0.014737","11.71K","-2.60%"
"Aug 19, 2018","0.015195","0.015315","0.015500","0.014875","5.21K","-0.78%"
"Aug 18, 2018","0.015315","0.015111","0.016157","0.014951","17.12K","1.35%"
"Aug 17, 2018","0.015111","0.014371","0.015579","0.014330","20.42K","5.16%"
"Aug 16, 2018","0.014371","0.014200","0.014460","0.014070","11.45K","1.20%"
"Aug 15, 2018","0.014200","0.013513","0.014465","0.013513","15.66K","5.08%"
"Aug 14, 2018","0.013513","0.013970","0.014233","0.012951","38.31K","-3.27%"
"Aug 13, 2018","0.013970","0.014674","0.015087","0.013900","20.92K","-4.80%"
"Aug 12, 2018","0.014674","0.014900","0.015156","0.014671","7.29K","-1.51%"
"Aug 11, 2018","0.014900","0.014840","0.015148","0.014310","12.54K","0.41%"
"Aug 10, 2018","0.014840","0.015280","0.015501","0.014719","10.13K","-2.88%"
"Aug 09, 2018","0.015280","0.015045","0.015900","0.015042","12.58K","1.56%"
"Aug 08, 2018","0.015045","0.016000","0.016128","0.014826","27.84K","-5.97%"
"Aug 07, 2018","0.016000","0.016300","0.016630","0.016000","10.38K","-1.84%"
"Aug 06, 2018","0.016300","0.016645","0.016882","0.016300","7.45K","-2.07%"
"Aug 05, 2018","0.016645","0.016270","0.016700","0.016100","5.34K","2.31%"
"Aug 04, 2018","0.016270","0.016190","0.016500","0.015815","7.30K","0.49%"
"Aug 03, 2018","0.016190","0.016235","0.016286","0.015720","10.48K","-0.18%"
"Aug 02, 2018","0.016220","0.016885","0.017046","0.015962","9.08K","-3.85%"
"Aug 01, 2018","0.016869","0.015730","0.017101","0.015666","19.81K","7.24%"
"Jul 31, 2018","0.015730","0.016110","0.016550","0.015633","20.52K","-2.36%"
"Jul 30, 2018","0.016110","0.016485","0.016600","0.016068","17.70K","-2.27%"
"Jul 29, 2018","0.016485","0.016985","0.017190","0.016358","16.34K","-2.94%"
"Jul 28, 2018","0.016985","0.017080","0.017351","0.016958","8.04K","-0.56%"
"Jul 27, 2018","0.017080","0.017180","0.017482","0.017038","9.18K","-0.58%"
"Jul 26, 2018","0.017180","0.017560","0.017695","0.017113","14.76K","-2.17%"
"Jul 25, 2018","0.017560","0.017570","0.017762","0.016886","15.75K","-0.05%"
"Jul 24, 2018","0.017570","0.017290","0.017844","0.017000","19.39K","1.62%"
"Jul 23, 2018","0.017290","0.017239","0.018460","0.017162","24.50K","0.30%"
"Jul 22, 2018","0.017239","0.017805","0.017949","0.017207","8.82K","-3.18%"
"Jul 21, 2018","0.017805","0.017675","0.017870","0.017465","9.06K","0.75%"
"Jul 20, 2018","0.017672","0.018654","0.018695","0.016551","26.43K","-5.26%"
"Jul 19, 2018","0.018654","0.018910","0.019495","0.018633","10.64K","-1.36%"
"Jul 18, 2018","0.018910","0.019662","0.019981","0.018800","12.65K","-3.82%"
"Jul 17, 2018","0.019662","0.020100","0.021001","0.019569","17.70K","-2.15%"
"Jul 16, 2018","0.020095","0.019485","0.020369","0.019200","16.07K","3.13%"
"Jul 15, 2018","0.019485","0.019660","0.019700","0.019200","7.90K","-0.89%"
"Jul 14, 2018","0.019660","0.019540","0.019726","0.019300","7.81K","0.61%"
"Jul 13, 2018","0.019540","0.019280","0.019937","0.019069","8.82K","1.35%"
"Jul 12, 2018","0.019280","0.019535","0.019986","0.019065","13.23K","-1.31%"
"Jul 11, 2018","0.019535","0.019129","0.020300","0.019125","16.58K","2.12%"
"Jul 10, 2018","0.019129","0.020260","0.020482","0.019126","16.31K","-5.58%"
"Jul 09, 2018","0.020260","0.020525","0.021004","0.020220","14.73K","-1.29%"
"Jul 08, 2018","0.020525","0.019845","0.020589","0.019784","6.30K","3.43%"
"Jul 07, 2018","0.019845","0.020175","0.020355","0.019800","6.97K","-1.64%"
"Jul 06, 2018","0.020175","0.021060","0.021173","0.019953","10.85K","-4.20%"
"Jul 05, 2018","0.021060","0.021085","0.021315","0.020341","9.71K","-0.38%"
"Jul 04, 2018","0.021140","0.021205","0.021896","0.020931","15.25K","-0.31%"
"Jul 03, 2018","0.021205","0.021231","0.021720","0.020788","10.27K","-0.12%"
"Jul 02, 2018","0.021231","0.020495","0.021540","0.020199","14.95K","3.59%"
"Jul 01, 2018","0.020495","0.020414","0.020972","0.019871","6.81K","0.40%"
"Jun 30, 2018","0.020414","0.020420","0.021130","0.019981","11.79K","-0.03%"
"Jun 29, 2018","0.020420","0.019931","0.020633","0.019620","16.20K","2.45%"
"Jun 28, 2018","0.019931","0.021000","0.022000","0.019620","27.94K","-5.09%"
"Jun 27, 2018","0.021000","0.019765","0.021263","0.019687","23.41K","6.25%"
"Jun 26, 2018","0.019765","0.020265","0.021000","0.019620","25.48K","-2.52%"
"Jun 25, 2018","0.020275","0.019666","0.020800","0.019577","21.86K","3.10%"
"Jun 24, 2018","0.019666","0.018604","0.020185","0.018480","41.25K","5.71%"
"Jun 23, 2018","0.018604","0.018130","0.019440","0.018059","19.98K","2.61%"
"Jun 22, 2018","0.018130","0.018339","0.018500","0.017700","15.51K","-1.39%"
"Jun 21, 2018","0.018385","0.018130","0.018385","0.018030","7.31K","1.41%"
"Jun 20, 2018","0.018130","0.018652","0.018850","0.018000","17.59K","-2.80%"
"Jun 19, 2018","0.018652","0.018870","0.019200","0.018521","7.52K","-1.16%"
"Jun 18, 2018","0.018870","0.019045","0.019242","0.018513","11.40K","-0.97%"
"Jun 17, 2018","0.019055","0.019460","0.019563","0.018844","9.58K","-2.06%"
"Jun 16, 2018","0.019455","0.019065","0.019835","0.018800","10.15K","2.05%"
"Jun 15, 2018","0.019065","0.019975","0.020292","0.018970","13.62K","-4.57%"
"Jun 14, 2018","0.019978","0.019295","0.020580","0.018692","24.55K","3.54%"
"Jun 13, 2018","0.019295","0.019095","0.019400","0.018000","28.96K","1.05%"
"Jun 12, 2018","0.019095","0.020018","0.020185","0.018450","26.73K","-4.61%"
"Jun 11, 2018","0.020018","0.020588","0.020752","0.019500","17.21K","-2.77%"
"Jun 10, 2018","0.020588","0.020590","0.020650","0.019439","20.58K","-0.01%"
"Jun 09, 2018","0.020590","0.020740","0.020888","0.020500","4.31K","-0.72%"
"Jun 08, 2018","0.020740","0.021200","0.021604","0.020646","17.17K","-2.17%"
"Jun 07, 2018","0.021200","0.021435","0.022200","0.021163","15.59K","-1.10%"
"Jun 06, 2018","0.021435","0.021917","0.022022","0.021390","11.90K","-2.20%"
"Jun 05, 2018","0.021917","0.021330","0.022200","0.021135","13.35K","2.75%"
"Jun 04, 2018","0.021330","0.021900","0.022105","0.020978","14.72K","-2.60%"
"Jun 03, 2018","0.021900","0.021255","0.022927","0.021200","18.55K","3.30%"
"Jun 02, 2018","0.021200","0.020930","0.021923","0.020833","13.81K","1.29%"
"Jun 01, 2018","0.020930","0.020735","0.021061","0.020494","8.95K","0.94%"
"May 31, 2018","0.020735","0.020915","0.021150","0.020600","12.01K","-0.86%"
"May 30, 2018","0.020915","0.021051","0.021372","0.020808","9.19K","-0.65%"
"May 29, 2018","0.021051","0.021015","0.022406","0.020700","22.93K","0.24%"
"May 28, 2018","0.021000","0.022630","0.022805","0.020961","14.48K","-7.20%"
"May 27, 2018","0.022630","0.022465","0.023200","0.022041","17.06K","0.73%"
"May 26, 2018","0.022465","0.021987","0.022470","0.021908","6.88K","2.17%"
"May 25, 2018","0.021987","0.022685","0.022800","0.021942","8.87K","-2.92%"
"May 24, 2018","0.022649","0.022745","0.023300","0.021947","13.51K","-0.42%"
"May 23, 2018","0.022745","0.021888","0.023203","0.021666","22.43K","3.79%"
"May 22, 2018","0.021915","0.023632","0.023677","0.021833","18.23K","-7.26%"
"May 21, 2018","0.023632","0.023871","0.023889","0.023179","9.92K","-1.04%"
"May 20, 2018","0.023880","0.024000","0.024125","0.023798","6.44K","-0.50%"
"May 19, 2018","0.024000","0.024755","0.024845","0.023900","9.92K","-3.03%"
"May 18, 2018","0.024749","0.023625","0.025700","0.023200","23.15K","4.55%"
"May 17, 2018","0.023673","0.023810","0.024330","0.023603","9.18K","-0.55%"
"May 16, 2018","0.023805","0.023965","0.024133","0.023564","9.20K","-0.67%"
"May 15, 2018","0.023965","0.024553","0.024995","0.023800","11.43K","-2.39%"
"May 14, 2018","0.024553","0.023890","0.024800","0.023522","13.24K","2.77%"
"May 13, 2018","0.023890","0.023715","0.024564","0.023700","7.60K","0.74%"
"May 12, 2018","0.023715","0.023422","0.023951","0.023125","9.70K","1.25%"
"May 11, 2018","0.023422","0.024001","0.024051","0.023015","13.99K","-2.41%"
"May 10, 2018","0.024001","0.024294","0.024987","0.024001","10.74K","-1.20%"
"May 09, 2018","0.024294","0.024341","0.025100","0.023925","8.25K","-0.20%"
"May 08, 2018","0.024341","0.024832","0.024985","0.024059","10.34K","-2.20%"
"May 07, 2018","0.024888","0.024430","0.025098","0.023989","13.60K","1.71%"
"May 06, 2018","0.024470","0.024500","0.025359","0.024300","10.54K","-0.12%"
"May 05, 2018","0.024500","0.024945","0.025792","0.024500","18.93K","-1.78%"
"May 04, 2018","0.024945","0.025175","0.025785","0.024726","16.00K","-0.91%"
"May 03, 2018","0.025175","0.026913","0.026990","0.025016","21.10K","-6.46%"
"May 02, 2018","0.026913","0.026290","0.027500","0.026281","14.58K","2.37%"
"May 01, 2018","0.026290","0.026020","0.026691","0.025620","11.17K","0.86%"
"Apr 30, 2018","0.026065","0.027140","0.027600","0.025900","21.53K","-3.96%"
"Apr 29, 2018","0.027140","0.027865","0.027940","0.026349","20.90K","-2.60%"
"Apr 28, 2018","0.027865","0.028050","0.028397","0.027300","13.01K","-0.66%"
"Apr 27, 2018","0.028050","0.028900","0.028997","0.027559","17.48K","-2.94%"
"Apr 26, 2018","0.028900","0.028800","0.031499","0.028375","27.40K","0.35%"
"Apr 25, 2018","0.028800","0.030285","0.030291","0.027200","45.62K","-4.76%"
"Apr 24, 2018","0.030240","0.031508","0.032000","0.030125","20.79K","-4.03%"
"Apr 23, 2018","0.031508","0.030540","0.031975","0.028080","20.43K","3.19%"
"Apr 22, 2018","0.030535","0.028625","0.031783","0.024658","34.21K","6.67%"
"Apr 21, 2018","0.028625","0.030564","0.030700","0.027650","23.07K","-6.34%"
"Apr 20, 2018","0.030564","0.028592","0.030700","0.028557","33.07K","6.90%"
"Apr 19, 2018","0.028592","0.028010","0.028972","0.027494","17.15K","2.08%"
"Apr 18, 2018","0.028010","0.024700","0.029048","0.024700","45.20K","13.40%"
"Apr 17, 2018","0.024700","0.024055","0.024974","0.023995","14.49K","2.68%"
"Apr 16, 2018","0.024055","0.024020","0.024300","0.023777","7.54K","0.15%"
"Apr 15, 2018","0.024020","0.023800","0.024486","0.023700","7.81K","0.92%"
"Apr 14, 2018","0.023800","0.023880","0.024252","0.023700","5.72K","-0.34%"
"Apr 13, 2018","0.023880","0.024349","0.024600","0.023802","14.41K","-1.93%"
"Apr 12, 2018","0.024349","0.024260","0.024720","0.023790","23.00K","0.36%"
"Apr 11, 2018","0.024260","0.024101","0.024339","0.023700","16.89K","0.66%"
"Apr 10, 2018","0.024101","0.024505","0.024600","0.024030","10.69K","-1.65%"
"Apr 09, 2018","0.024505","0.024650","0.025100","0.024428","4.72K","-0.59%"
"Apr 08, 2018","0.024650","0.024550","0.024781","0.024030","4.26K","0.41%"
"Apr 07, 2018","0.024550","0.024420","0.024824","0.024293","4.80K","0.53%"
"Apr 06, 2018","0.024420","0.025443","0.026000","0.024400","16.81K","-4.02%"
"Apr 05, 2018","0.025443","0.024805","0.025710","0.024800","6.21K","2.57%"
"Apr 04, 2018","0.024805","0.025439","0.025478","0.024800","7.18K","-2.49%"
"Apr 03, 2018","0.025439","0.024975","0.025478","0.024700","9.01K","1.86%"
"Apr 02, 2018","0.024975","0.025590","0.025775","0.024900","9.21K","-2.40%"
"Apr 01, 2018","0.025590","0.025630","0.026000","0.025150","10.82K","-0.15%"
"Mar 31, 2018","0.025630","0.025085","0.025800","0.024903","10.83K","2.27%"
"Mar 30, 2018","0.025060","0.024700","0.025307","0.024000","26.10K","1.46%"
"Mar 29, 2018","0.024700","0.025039","0.025299","0.024480","15.25K","-1.35%"
"Mar 28, 2018","0.025039","0.024000","0.025227","0.023864","9.97K","4.33%"
"Mar 27, 2018","0.024000","0.023950","0.024280","0.023102","21.26K","0.21%"
"Mar 26, 2018","0.023950","0.024881","0.024975","0.023800","10.95K","-3.74%"
"Mar 25, 2018","0.024881","0.024200","0.024904","0.023816","9.56K","2.81%"
"Mar 24, 2018","0.024200","0.024100","0.024318","0.023875","6.95K","0.41%"
"Mar 23, 2018","0.024100","0.024204","0.025200","0.023641","13.87K","-0.43%"
"Mar 22, 2018","0.024204","0.024429","0.024722","0.023879","8.93K","-0.92%"
"Mar 21, 2018","0.024429","0.025015","0.025959","0.024260","18.78K","-2.35%"
"Mar 20, 2018","0.025015","0.025212","0.025812","0.024600","11.29K","-0.78%"
"Mar 19, 2018","0.025212","0.025415","0.025899","0.024622","18.86K","-0.80%"
"Mar 18, 2018","0.025415","0.024915","0.025500","0.023400","29.96K","2.01%"
"Mar 17, 2018","0.024915","0.025863","0.026040","0.024700","14.07K","-3.67%"
"Mar 16, 2018","0.025863","0.025680","0.026002","0.024935","18.47K","0.71%"
"Mar 15, 2018","0.025680","0.025982","0.027385","0.024935","30.71K","-1.16%"
"Mar 14, 2018","0.025981","0.026917","0.027470","0.025650","36.03K","-3.48%"
"Mar 13, 2018","0.026917","0.028162","0.028277","0.026900","23.90K","-4.42%"
"Mar 12, 2018","0.028162","0.029307","0.029400","0.027795","28.96K","-3.91%"
"Mar 11, 2018","0.029307","0.028876","0.029581","0.028800","13.47K","1.49%"
"Mar 10, 2018","0.028876","0.030741","0.031295","0.028800","20.07K","-6.07%"
"Mar 09, 2018","0.030741","0.029541","0.030827","0.028610","50.93K","4.06%"
"Mar 08, 2018","0.029541","0.034045","0.034055","0.029402","49.21K","-13.23%"
"Mar 07, 2018","0.034045","0.032045","0.034298","0.031859","43.91K","6.27%"
"Mar 06, 2018","0.032035","0.032245","0.032517","0.031443","13.95K","-0.47%"
"Mar 05, 2018","0.032186","0.031895","0.032810","0.030900","32.90K","0.91%"
"Mar 04, 2018","0.031895","0.030505","0.032289","0.030300","25.76K","4.56%"
"Mar 03, 2018","0.030505","0.031100","0.032880","0.030250","47.63K","-1.91%"
"Mar 02, 2018","0.031100","0.028650","0.031786","0.028310","59.27K","8.55%"
"Mar 01, 2018","0.028650","0.027461","0.028700","0.027351","18.26K","4.33%"
"Feb 28, 2018","0.027461","0.028144","0.028260","0.027266","14.45K","-2.43%"
"Feb 27, 2018","0.028144","0.028198","0.029000","0.027700","13.12K","-0.19%"
"Feb 26, 2018","0.028198","0.028960","0.029000","0.027892","22.80K","-2.63%"
"Feb 25, 2018","0.028960","0.027560","0.028960","0.027555","9.86K","5.08%"
"Feb 24, 2018","0.027560","0.027367","0.028209","0.026950","23.63K","0.71%"
"Feb 23, 2018","0.027367","0.027795","0.028450","0.027000","23.54K","-1.24%"
"Feb 22, 2018","0.027711","0.029391","0.029391","0.027700","24.87K","-5.72%"
"Feb 21, 2018","0.029391","0.026500","0.029655","0.026050","42.22K","10.91%"
"Feb 20, 2018","0.026500","0.028010","0.028080","0.026350","18.50K","-5.39%"
"Feb 19, 2018","0.028010","0.028265","0.028990","0.027970","10.11K","-0.90%"
"Feb 18, 2018","0.028265","0.028940","0.029122","0.028000","15.07K","-2.33%"
"Feb 17, 2018","0.028940","0.028815","0.030500","0.028700","27.84K","0.43%"
"Feb 16, 2018","0.028815","0.029500","0.029666","0.028100","19.14K","-2.32%"
"Feb 15, 2018","0.029500","0.028885","0.029800","0.027511","28.23K","2.13%"
"Feb 14, 2018","0.028885","0.027244","0.029297","0.027244","33.65K","6.02%"
"Feb 13, 2018","0.027244","0.027764","0.027862","0.027000","19.36K","-1.87%"
"Feb 12, 2018","0.027764","0.028224","0.028710","0.027590","14.81K","-1.63%"
"Feb 11, 2018","0.028224","0.028894","0.028985","0.027600","21.09K","-2.32%"
"Feb 10, 2018","0.028894","0.029655","0.029939","0.028833","24.13K","-2.56%"
"Feb 09, 2018","0.029655","0.029958","0.030450","0.028900","26.55K","-1.01%"
"Feb 08, 2018","0.029958","0.027216","0.030100","0.027216","40.57K","10.07%"
"Feb 07, 2018","0.027216","0.027238","0.027951","0.025950","34.80K","-0.08%"
"Feb 06, 2018","0.027238","0.025885","0.027312","0.024355","56.00K","5.23%"
"Feb 05, 2018","0.025885","0.026607","0.026674","0.024807","42.75K","-2.71%"
"Feb 04, 2018","0.026607","0.027457","0.027700","0.026321","22.60K","-3.10%"
"Feb 03, 2018","0.027457","0.026575","0.027778","0.026200","21.68K","3.32%"
"Feb 02, 2018","0.026575","0.026400","0.027695","0.023835","55.22K","0.66%"
"Feb 01, 2018","0.026400","0.026625","0.027425","0.026100","25.75K","-0.85%"
"Jan 31, 2018","0.026625","0.027120","0.027820","0.026550","19.80K","-1.82%"
"Jan 30, 2018","0.027120","0.028020","0.028254","0.026700","30.63K","-3.21%"
"Jan 29, 2018","0.028020","0.028154","0.028500","0.027780","15.59K","-0.48%"
"Jan 28, 2018","0.028154","0.028255","0.028875","0.027700","20.20K","-0.02%"
"Jan 27, 2018","0.028160","0.029196","0.029310","0.028100","16.98K","-3.55%"
"Jan 26, 2018","0.029196","0.028372","0.029420","0.027769","34.84K","2.90%"
"Jan 25, 2018","0.028372","0.028045","0.028377","0.027720","13.48K","1.17%"
"Jan 24, 2018","0.028045","0.028466","0.028914","0.027977","15.25K","-1.48%"
"Jan 23, 2018","0.028466","0.029095","0.029322","0.027713","30.33K","-2.16%"
"Jan 22, 2018","0.029095","0.030016","0.030117","0.028400","35.82K","-3.07%"
"Jan 21, 2018","0.030016","0.030064","0.030601","0.029500","25.65K","-0.16%"
"Jan 20, 2018","0.030064","0.031550","0.032153","0.029500","64.91K","-4.71%"
"Jan 19, 2018","0.031550","0.027833","0.032105","0.027671","53.98K","13.36%"
"Jan 18, 2018","0.027833","0.028697","0.029300","0.027409","49.84K","-3.01%"
"Jan 17, 2018","0.028697","0.028000","0.029400","0.025550","70.99K","2.49%"
"Jan 16, 2018","0.028000","0.030324","0.031890","0.025328","133.69K","-7.66%"
"Jan 15, 2018","0.030324","0.028920","0.031680","0.028600","59.30K","4.64%"
"Jan 14, 2018","0.028980","0.029290","0.030550","0.028600","35.52K","-1.06%"
"Jan 13, 2018","0.029290","0.028250","0.029990","0.027903","53.61K","3.68%"
"Jan 12, 2018","0.028249","0.026486","0.028400","0.026200","28.74K","6.42%"
"Jan 11, 2018","0.026545","0.027188","0.028410","0.026300","42.38K","-2.37%"
"Jan 10, 2018","0.027190","0.028400","0.029210","0.027040","55.58K","-4.26%"
"Jan 09, 2018","0.028400","0.026800","0.029620","0.026210","101.83K","5.97%"
"Jan 08, 2018","0.026800","0.024550","0.027300","0.024400","46.46K","9.16%"
"Jan 07, 2018","0.024550","0.022890","0.025490","0.022890","70.08K","7.25%"
"Jan 06, 2018","0.022890","0.021080","0.023570","0.020500","51.70K","8.59%"
"Jan 05, 2018","0.021080","0.024480","0.024600","0.020650","62.95K","-13.89%"
"Jan 04, 2018","0.024480","0.025410","0.025830","0.024260","41.00K","-3.66%"
"Jan 03, 2018","0.025410","0.024740","0.026000","0.023880","43.84K","2.71%"
"Jan 02, 2018","0.024740","0.025270","0.026900","0.023040","94.80K","-2.10%"
"Jan 01, 2018","0.025270","0.023820","0.025600","0.023760","30.10K","6.09%"
"Dec 31, 2017","0.023820","0.024350","0.024790","0.023760","28.43K","-2.18%"
"Dec 30, 2017","0.024350","0.024440","0.024950","0.023600","45.01K","-0.37%"
"Dec 29, 2017","0.024440","0.024520","0.025040","0.023800","47.48K","-0.33%"
"Dec 28, 2017","0.024520","0.024340","0.025090","0.023100","32.52K","0.74%"
"Dec 27, 2017","0.024340","0.022770","0.024950","0.022770","53.87K","6.90%"
"Dec 26, 2017","0.022770","0.024460","0.024530","0.021980","48.53K","-6.91%"
"Dec 25, 2017","0.024460","0.024390","0.024900","0.023950","28.81K","0.29%"
"Dec 24, 2017","0.024390","0.024530","0.025500","0.023500","53.77K","-0.57%"
"Dec 23, 2017","0.024530","0.023950","0.025580","0.023600","59.31K","2.42%"
"Dec 22, 2017","0.023950","0.026720","0.026730","0.020710","171.61K","-10.37%"
"Dec 21, 2017","0.026720","0.028670","0.028900","0.024680","114.23K","-6.80%"
"Dec 20, 2017","0.028670","0.020500","0.028800","0.019690","302.75K","39.85%"
"Dec 19, 2017","0.020500","0.019600","0.021000","0.019350","97.21K","4.59%"
"Dec 18, 2017","0.019600","0.018250","0.019750","0.017810","67.66K","7.40%"
"Dec 17, 2017","0.018250","0.016830","0.018680","0.016690","92.67K","8.44%"
"Dec 16, 2017","0.016830","0.017660","0.018590","0.016350","64.09K","-4.70%"
"Dec 15, 2017","0.017660","0.019590","0.019590","0.016500","83.02K","-9.85%"
"Dec 14, 2017","0.019590","0.018540","0.020480","0.018350","111.80K","5.66%"
"Dec 13, 2017","0.018540","0.018000","0.019880","0.017250","107.34K","3.00%"
"Dec 12, 2017","0.018000","0.016530","0.018620","0.016530","107.25K","8.89%"
"Dec 11, 2017","0.016530","0.016070","0.016580","0.015500","63.29K","2.86%"
"Dec 10, 2017","0.016070","0.017300","0.018100","0.015730","58.09K","-7.11%"
"Dec 09, 2017","0.017300","0.016570","0.019040","0.016270","73.89K","4.41%"
"Dec 08, 2017","0.016570","0.015420","0.017900","0.014550","117.93K","7.46%"
"Dec 07, 2017","0.015420","0.018600","0.019700","0.015220","194.69K","-17.10%"
"Dec 06, 2017","0.018600","0.021100","0.022500","0.018070","259.79K","-11.85%"
"Dec 05, 2017","0.021100","0.017960","0.021250","0.017820","148.69K","17.48%"
"Dec 04, 2017","0.017960","0.017490","0.018000","0.017240","30.07K","2.69%"
"Dec 03, 2017","0.017490","0.018360","0.018820","0.017150","63.05K","-4.74%"
"Dec 02, 2017","0.018360","0.017420","0.018500","0.016910","39.61K","5.40%"
"Dec 01, 2017","0.017420","0.017520","0.018120","0.017100","50.40K","-0.57%"
"Nov 30, 2017","0.017520","0.017100","0.018730","0.016700","90.69K","2.46%"
"Nov 29, 2017","0.017100","0.019830","0.020090","0.016900","140.81K","-13.77%"
"Nov 28, 2017","0.019830","0.017780","0.020000","0.017660","128.79K","11.53%"
"Nov 27, 2017","0.017780","0.017500","0.017780","0.016660","52.92K","1.60%"
"Nov 26, 2017","0.017500","0.019130","0.019290","0.017080","59.06K","-8.52%"
"Nov 25, 2017","0.019130","0.019290","0.020100","0.019010","44.53K","-0.83%"
"Nov 24, 2017","0.019290","0.019680","0.019970","0.018760","51.33K","-1.98%"
"Nov 23, 2017","0.019680","0.020050","0.021000","0.019100","87.07K","-1.85%"
"Nov 22, 2017","0.020050","0.017570","0.021050","0.017280","165.47K","14.11%"
"Nov 21, 2017","0.017570","0.016520","0.017600","0.016500","62.18K","6.36%"
"Nov 20, 2017","0.016520","0.016130","0.017220","0.015990","50.53K","2.42%"
"Nov 19, 2017","0.016130","0.016820","0.017240","0.015660","47.54K","-4.10%"
"Nov 18, 2017","0.016820","0.016500","0.017530","0.016090","79.51K","1.94%"
"Nov 17, 2017","0.016500","0.015250","0.016500","0.014940","49.54K","8.20%"
"Nov 16, 2017","0.015250","0.016610","0.017660","0.014700","91.85K","-8.19%"
"Nov 15, 2017","0.016610","0.018460","0.018490","0.016210","75.32K","-10.02%"
"Nov 14, 2017","0.018460","0.018910","0.019000","0.017400","63.61K","-2.38%"
"Nov 13, 2017","0.018910","0.021070","0.022500","0.018250","162.06K","-10.25%"
"Nov 12, 2017","0.021070","0.018860","0.021900","0.018340","210.52K","11.72%"
"Nov 11, 2017","0.018860","0.016010","0.020000","0.015930","139.76K","17.80%"
"Nov 10, 2017","0.016010","0.016870","0.017000","0.015500","110.57K","-5.10%"
"Nov 09, 2017","0.016870","0.015240","0.017250","0.015000","109.18K","10.70%"
"Nov 08, 2017","0.015240","0.013850","0.015650","0.012870","153.21K","10.04%"
"Nov 07, 2017","0.013850","0.014590","0.014890","0.013250","106.41K","-5.07%"
"Nov 06, 2017","0.014590","0.011650","0.014600","0.011590","118.53K","25.24%"
"Nov 05, 2017","0.011650","0.011820","0.011920","0.011380","37.98K","-1.44%"
"Nov 04, 2017","0.011820","0.012220","0.012480","0.011570","36.23K","-3.27%"
"Nov 03, 2017","0.012220","0.011770","0.012500","0.011450","61.62K","3.82%"
"Nov 02, 2017","0.011770","0.012690","0.012790","0.011150","116.22K","-7.25%"
"Nov 01, 2017","0.012690","0.013560","0.013740","0.012550","55.11K","-6.42%"
"Oct 31, 2017","0.013560","0.014490","0.014590","0.013540","44.08K","-6.42%"
"Oct 30, 2017","0.014490","0.014300","0.014750","0.014250","33.02K","1.33%"
"Oct 29, 2017","0.014300","0.014920","0.015230","0.014280","35.08K","-4.16%"
"Oct 28, 2017","0.014920","0.015000","0.015230","0.014800","23.59K","-0.53%"
"Oct 27, 2017","0.015000","0.015000","0.015270","0.014620","24.16K","0.00%"
"Oct 26, 2017","0.015000","0.015210","0.015620","0.014740","33.83K","-1.38%"
"Oct 25, 2017","0.015210","0.015960","0.017500","0.015200","82.10K","-4.70%"
"Oct 24, 2017","0.015960","0.014420","0.016350","0.014310","64.74K","10.68%"
"Oct 23, 2017","0.014420","0.014410","0.014740","0.014110","34.00K","0.07%"
"Oct 22, 2017","0.014410","0.014600","0.015150","0.014200","56.26K","-1.30%"
"Oct 21, 2017","0.014600","0.015020","0.015100","0.014030","54.22K","-2.80%"
"Oct 20, 2017","0.015020","0.015510","0.016500","0.014900","53.91K","-3.16%"
"Oct 19, 2017","0.015510","0.015990","0.016370","0.015430","35.73K","-3.00%"
"Oct 18, 2017","0.015990","0.016210","0.016870","0.015910","39.61K","-1.36%"
"Oct 17, 2017","0.016210","0.016570","0.017470","0.016100","38.07K","-2.17%"
"Oct 16, 2017","0.016570","0.016680","0.017380","0.016450","35.17K","-0.66%"
"Oct 15, 2017","0.016680","0.017160","0.017600","0.016560","24.72K","-2.80%"
"Oct 14, 2017","0.017160","0.016820","0.017950","0.016360","33.97K","2.02%"
"Oct 13, 2017","0.016820","0.015980","0.017230","0.014800","102.26K","5.26%"
"Oct 12, 2017","0.015980","0.018090","0.018180","0.015980","45.47K","-11.66%"
"Oct 11, 2017","0.018090","0.018240","0.018400","0.017940","21.50K","-0.82%"
"Oct 10, 2017","0.018240","0.017810","0.018430","0.017340","36.12K","2.41%"
"Oct 09, 2017","0.017810","0.019450","0.019630","0.017210","60.66K","-8.43%"
"Oct 08, 2017","0.019450","0.020570","0.020690","0.019450","28.08K","-5.44%"
"Oct 07, 2017","0.020570","0.020760","0.021160","0.020500","17.98K","-0.92%"
"Oct 06, 2017","0.020760","0.021160","0.021250","0.020660","18.27K","-1.89%"
"Oct 05, 2017","0.021160","0.021400","0.021510","0.020600","21.84K","-1.12%"
"Oct 04, 2017","0.021400","0.021680","0.021940","0.021000","24.92K","-1.29%"
"Oct 03, 2017","0.021680","0.020810","0.022400","0.020200","51.13K","4.18%"
"Oct 02, 2017","0.020810","0.021190","0.021330","0.020550","30.02K","-1.79%"
"Oct 01, 2017","0.021190","0.022080","0.022140","0.021120","22.01K","-4.03%"
"Sep 30, 2017","0.022080","0.022730","0.022800","0.021500","38.81K","-2.86%"
"Sep 29, 2017","0.022730","0.023410","0.023670","0.022200","36.59K","-2.90%"
"Sep 28, 2017","0.023410","0.024420","0.024420","0.023230","38.30K","-4.14%"
"Sep 27, 2017","0.024420","0.024020","0.024900","0.023650","38.80K","1.67%"
"Sep 26, 2017","0.024020","0.023970","0.024300","0.023600","23.95K","0.21%"
"Sep 25, 2017","0.023970","0.024330","0.024470","0.023640","17.35K","-1.48%"
"Sep 24, 2017","0.024330","0.024280","0.024740","0.023950","14.91K","0.21%"
"Sep 23, 2017","0.024280","0.024300","0.024560","0.023920","21.18K","-0.08%"
"Sep 22, 2017","0.024300","0.023720","0.024480","0.023550","22.57K","2.45%"
"Sep 21, 2017","0.023720","0.024750","0.024900","0.023500","30.89K","-4.16%"
"Sep 20, 2017","0.024750","0.025100","0.025260","0.024160","22.28K","-1.39%"
"Sep 19, 2017","0.025100","0.024930","0.025440","0.024100","41.15K","0.68%"
"Sep 18, 2017","0.024930","0.025710","0.026270","0.024890","47.17K","-3.03%"
"Sep 17, 2017","0.025710","0.026080","0.026210","0.025500","30.22K","-1.42%"
"Sep 16, 2017","0.026080","0.027030","0.027600","0.026000","46.83K","-3.51%"
"Sep 15, 2017","0.027030","0.026550","0.027610","0.024500","144.38K","1.81%"
"Sep 14, 2017","0.026550","0.028550","0.030940","0.026550","270.48K","-7.01%"
"Sep 13, 2017","0.028550","0.026800","0.028750","0.025600","172.36K","6.53%"
"Sep 12, 2017","0.026800","0.026700","0.027250","0.026000","41.37K","0.37%"
"Sep 11, 2017","0.026700","0.026630","0.026960","0.026310","24.34K","0.26%"
"Sep 10, 2017","0.026630","0.026740","0.027170","0.025700","51.34K","-0.41%"
"Sep 09, 2017","0.026740","0.027280","0.027600","0.026510","41.59K","-1.98%"
"Sep 08, 2017","0.027280","0.026360","0.029020","0.026010","163.67K","3.49%"
"Sep 07, 2017","0.026360","0.026620","0.026810","0.025700","47.43K","-0.98%"
"Sep 06, 2017","0.026620","0.027090","0.027210","0.025700","70.17K","-1.73%"
"Sep 05, 2017","0.027090","0.025000","0.027750","0.023720","140.43K","8.36%"
"Sep 04, 2017","0.025000","0.027460","0.027690","0.024200","173.88K","-8.96%"
"Sep 03, 2017","0.027460","0.027200","0.027790","0.025000","157.56K","0.96%"
"Sep 02, 2017","0.027200","0.029060","0.029110","0.026910","211.45K","-6.40%"
"Sep 01, 2017","0.029060","0.029800","0.031510","0.028720","187.89K","-2.48%"
"Aug 31, 2017","0.029800","0.029180","0.031000","0.028670","180.92K","2.12%"
"Aug 30, 2017","0.029180","0.028930","0.030050","0.026580","175.39K","0.86%"
"Aug 29, 2017","0.028930","0.032730","0.033100","0.027780","320.89K","-11.61%"
"Aug 28, 2017","0.032730","0.030080","0.035580","0.029710","619.60K","8.81%"
"Aug 27, 2017","0.030080","0.031750","0.032010","0.028600","271.20K","-5.26%"
"Aug 26, 2017","0.031750","0.024700","0.034800","0.023840","1.00M","28.54%"
"Aug 25, 2017","0.024700","0.019860","0.025100","0.019180","319.09K","24.37%"
"Aug 24, 2017","0.019860","0.021760","0.022610","0.018500","284.06K","-8.73%"
"Aug 23, 2017","0.021760","0.022200","0.024400","0.020500","316.94K","-1.98%"
"Aug 22, 2017","0.022200","0.019450","0.025100","0.018500","711.72K","14.14%"
"Aug 21, 2017","0.019450","0.013420","0.024480","0.013200","1.36M","44.93%"
"Aug 20, 2017","0.013420","0.013380","0.013730","0.012600","78.38K","0.30%"
"Aug 19, 2017","0.013380","0.011330","0.014110","0.011320","174.15K","18.09%"
"Aug 18, 2017","0.011330","0.011020","0.012200","0.010930","118.35K","2.81%"
"Aug 17, 2017","0.011020","0.011140","0.011350","0.010900","56.64K","-1.08%"
"Aug 16, 2017","0.011140","0.011720","0.012100","0.011000","71.60K","-4.95%"
"Aug 15, 2017","0.011720","0.011520","0.012000","0.011000","93.68K","1.74%"
"Aug 14, 2017","0.011520","0.011730","0.012270","0.010560","92.35K","-1.79%"
"Aug 13, 2017","0.011730","0.012710","0.012830","0.011000","170.68K","-7.71%"
"Aug 12, 2017","0.012710","0.013890","0.014230","0.012000","154.66K","-8.50%"
"Aug 11, 2017","0.013890","0.014410","0.014560","0.013800","49.44K","-3.61%"
"Aug 10, 2017","0.014410","0.015240","0.015350","0.014340","59.49K","-5.45%"
"Aug 09, 2017","0.015240","0.015200","0.015740","0.015000","52.61K","0.26%"
"Aug 08, 2017","0.015200","0.014870","0.015500","0.014410","63.75K","2.22%"
"Aug 07, 2017","0.014870","0.014820","0.014890","0.013800","59.74K","0.34%"
"Aug 06, 2017","0.014820","0.014880","0.015220","0.014500","30.27K","-0.40%"
"Aug 05, 2017","0.014880","0.015760","0.015950","0.014800","52.19K","-5.58%"
"Aug 04, 2017","0.015760","0.015540","0.015840","0.015010","50.55K","1.42%"
"Aug 03, 2017","0.015540","0.016190","0.016240","0.015430","33.58K","-4.01%"
"Aug 02, 2017","0.016190","0.016240","0.016360","0.015680","47.12K","-0.31%"
"Aug 01, 2017","0.016240","0.013900","0.016500","0.013900","146.35K","16.83%"
"Jul 31, 2017","0.013900","0.014450","0.015040","0.013620","94.90K","-3.81%"
"Jul 30, 2017","0.014450","0.016140","0.016240","0.014300","92.40K","-10.47%"
"Jul 29, 2017","0.016140","0.015770","0.016330","0.015470","39.15K","2.35%"
"Jul 28, 2017","0.015770","0.017090","0.017090","0.015170","154.46K","-7.72%"
"Jul 27, 2017","0.017090","0.018250","0.018300","0.016850","121.29K","-6.36%"
"Jul 26, 2017","0.018250","0.015900","0.019800","0.015700","232.90K","14.78%"
"Jul 25, 2017","0.015900","0.016510","0.016620","0.015000","83.20K","-3.69%"
"Jul 24, 2017","0.016510","0.015490","0.016660","0.015370","81.17K","6.58%"
"Jul 23, 2017","0.015490","0.015780","0.015850","0.015350","43.35K","-1.84%"
"Jul 22, 2017","0.015780","0.015080","0.015930","0.014520","63.45K","4.64%"
"Jul 21, 2017","0.015080","0.014320","0.015210","0.014310","58.89K","5.31%"
"Jul 20, 2017","0.014320","0.015440","0.015840","0.014100","128.55K","-7.25%"
"Jul 19, 2017","0.015440","0.015900","0.016060","0.015250","57.38K","-2.89%"
"Jul 18, 2017","0.015900","0.015670","0.016100","0.015180","68.27K","1.47%"
"Jul 17, 2017","0.015670","0.015300","0.016120","0.015100","86.82K","2.42%"
"Jul 16, 2017","0.015300","0.016140","0.016200","0.015130","73.97K","-5.20%"
"Jul 15, 2017","0.016140","0.016030","0.016200","0.015760","42.96K","0.69%"
"Jul 14, 2017","0.016030","0.016290","0.016400","0.015800","35.00K","-1.60%"
"Jul 13, 2017","0.016290","0.016980","0.017100","0.015960","61.43K","-4.06%"
"Jul 12, 2017","0.016980","0.016000","0.017050","0.015700","85.54K","6.12%"
"Jul 11, 2017","0.016000","0.017000","0.017290","0.015100","169.52K","-5.88%"
"Jul 10, 2017","0.017000","0.017950","0.018040","0.016850","76.22K","-5.29%"
"Jul 09, 2017","0.017950","0.018080","0.018500","0.017540","60.95K","-0.72%"
"Jul 08, 2017","0.018080","0.017770","0.018190","0.016850","83.94K","1.74%"
"Jul 07, 2017","0.017770","0.019300","0.019670","0.017610","152.97K","-7.93%"
"Jul 06, 2017","0.019300","0.017720","0.019410","0.017620","160.77K","8.92%"
"Jul 05, 2017","0.017720","0.017500","0.018450","0.017470","115.95K","1.26%"
"Jul 04, 2017","0.017500","0.017100","0.017770","0.017010","62.97K","2.34%"
"Jul 03, 2017","0.017100","0.017100","0.017440","0.016890","57.95K","0.00%"
"Jul 02, 2017","0.017100","0.017100","0.017400","0.016860","56.44K","0.00%"
"Jul 01, 2017","0.017100","0.017860","0.017890","0.016710","61.17K","-4.26%"
"Jun 30, 2017","0.017860","0.017820","0.018300","0.017620","43.13K","0.22%"
"Jun 29, 2017","0.017820","0.018450","0.018880","0.017700","72.13K","-3.41%"
"Jun 28, 2017","0.018450","0.017200","0.018520","0.017020","78.79K","7.27%"
"Jun 27, 2017","0.017200","0.017940","0.018110","0.016650","96.64K","-4.12%"
"Jun 26, 2017","0.017940","0.018020","0.018840","0.016880","140.05K","-0.44%"
"Jun 25, 2017","0.018020","0.018600","0.018700","0.017950","57.40K","-3.12%"
"Jun 24, 2017","0.018600","0.019030","0.019170","0.018400","54.51K","-2.26%"
"Jun 23, 2017","0.019030","0.018640","0.019250","0.018440","64.61K","2.09%"
"Jun 22, 2017","0.018640","0.018400","0.018840","0.018190","53.35K","1.30%"
"Jun 21, 2017","0.018400","0.019000","0.019310","0.017800","116.32K","-3.16%"
"Jun 20, 2017","0.019000","0.019490","0.020230","0.018700","155.31K","-2.51%"
"Jun 19, 2017","0.019490","0.019870","0.020220","0.019170","122.42K","-1.91%"
"Jun 18, 2017","0.019870","0.019990","0.020500","0.019620","79.04K","-0.60%"
"Jun 17, 2017","0.019990","0.019340","0.020600","0.019310","143.11K","3.36%"
"Jun 16, 2017","0.019340","0.019020","0.019500","0.018860","61.10K","1.68%"
"Jun 15, 2017","0.019020","0.018900","0.019240","0.018200","103.16K","0.63%"
"Jun 14, 2017","0.018900","0.019220","0.019440","0.018800","74.53K","-1.66%"
"Jun 13, 2017","0.019220","0.019000","0.019480","0.018710","96.32K","1.16%"
"Jun 12, 2017","0.019000","0.019900","0.020230","0.018320","163.70K","-4.52%"
"Jun 11, 2017","0.019900","0.018200","0.019920","0.018100","103.09K","9.34%"
"Jun 10, 2017","0.018200","0.019740","0.019900","0.018150","94.95K","-7.80%"
"Jun 09, 2017","0.019740","0.019970","0.020220","0.019300","83.09K","-1.15%"
"Jun 08, 2017","0.019970","0.019610","0.020700","0.019500","117.41K","1.84%"
"Jun 07, 2017","0.019610","0.019420","0.022310","0.018950","555.16K","0.98%"
"Jun 06, 2017","0.019420","0.018050","0.019700","0.016900","343.01K","7.59%"
"Jun 05, 2017","0.018050","0.017100","0.018340","0.017060","130.88K","9.26%"
"Jun 04, 2017","0.016520","0.016520","0.016520","0.016520","-","0.00%"
"Jun 03, 2017","0.016520","0.017790","0.018110","0.016520","87.43K","-7.14%"
"Jun 02, 2017","0.017790","0.018300","0.018650","0.017790","77.00K","-2.79%"
"Jun 01, 2017","0.018300","0.018380","0.019000","0.017950","103.67K","-0.44%"
"May 31, 2017","0.018380","0.018200","0.018880","0.017500","150.87K","0.99%"
"May 30, 2017","0.018200","0.018180","0.020500","0.018120","262.37K","0.11%"
"May 29, 2017","0.018180","0.017120","0.019720","0.016920","344.11K","6.19%"
"May 28, 2017","0.017120","0.016500","0.017760","0.016180","232.28K","3.76%"
"May 27, 2017","0.016500","0.017480","0.017920","0.015100","266.44K","-5.61%"
"May 26, 2017","0.017480","0.017420","0.018200","0.016700","282.42K","0.34%"
"May 25, 2017","0.017420","0.018490","0.019490","0.016270","717.05K","-5.79%"
"May 24, 2017","0.018490","0.024760","0.025000","0.017330","1.21M","-25.32%"
"May 23, 2017","0.024760","0.017140","0.025260","0.017080","829.02K","44.46%"
"May 22, 2017","0.017140","0.017000","0.018800","0.015480","355.35K","0.82%"
"May 21, 2017","0.017000","0.017100","0.017610","0.016500","153.37K","-0.58%"
"May 20, 2017","0.017100","0.016200","0.018460","0.015600","389.87K","5.56%"
"May 19, 2017","0.016200","0.016020","0.016500","0.015770","111.37K","1.12%"
"May 18, 2017","0.016020","0.014850","0.016950","0.014850","222.55K","7.88%"
"May 17, 2017","0.014850","0.015080","0.015500","0.014140","142.93K","-1.53%"
"May 16, 2017","0.015080","0.016040","0.016100","0.014860","145.79K","-5.99%"
"May 15, 2017","0.016040","0.015890","0.016600","0.015720","107.70K","0.94%"
"May 14, 2017","0.015890","0.015990","0.016220","0.015700","57.99K","-0.63%"
"May 13, 2017","0.015990","0.016880","0.017130","0.015850","70.03K","-5.27%"
"May 12, 2017","0.016880","0.016160","0.017150","0.016100","119.25K","4.46%"
"May 11, 2017","0.016160","0.016940","0.017150","0.015600","136.52K","-4.60%"
"May 10, 2017","0.016940","0.016300","0.017640","0.015800","195.26K","3.93%"
"May 09, 2017","0.016300","0.017750","0.018430","0.014810","380.71K","-8.17%"
"May 08, 2017","0.017750","0.020860","0.021100","0.014300","463.35K","-14.91%"
"May 07, 2017","0.020860","0.018410","0.022240","0.018210","618.33K","13.31%"
"May 06, 2017","0.018410","0.018400","0.019200","0.017600","233.83K","0.05%"
"May 05, 2017","0.018400","0.017010","0.019400","0.016600","530.53K","8.17%"
"May 04, 2017","0.017010","0.016880","0.017240","0.016200","243.41K","0.77%"
"May 03, 2017","0.016880","0.015870","0.017150","0.015430","234.09K","6.36%"
"May 02, 2017","0.015870","0.016050","0.016400","0.015000","172.06K","-1.12%"
"May 01, 2017","0.016050","0.017630","0.017680","0.015330","339.74K","-8.96%"
"Apr 30, 2017","0.017630","0.017200","0.018400","0.017170","236.67K","2.50%"
"Apr 29, 2017","0.017200","0.016970","0.017630","0.016620","229.01K","1.36%"
"Apr 28, 2017","0.016970","0.016050","0.017150","0.015840","247.69K","5.73%"
"Apr 27, 2017","0.016050","0.015100","0.016590","0.014810","306.34K","6.29%"
"Apr 26, 2017","0.015100","0.015550","0.015600","0.014890","142.69K","-2.89%"
"Apr 25, 2017","0.015550","0.015690","0.015990","0.015240","109.85K","-0.89%"
"Apr 24, 2017","0.015690","0.016130","0.016300","0.015370","110.63K","-2.73%"
"Apr 23, 2017","0.016130","0.016210","0.016370","0.016010","63.45K","-0.49%"
"Apr 22, 2017","0.016210","0.016440","0.016690","0.016130","97.21K","-1.40%"
"Apr 21, 2017","0.016440","0.016200","0.016510","0.016000","106.11K","1.48%"
"Apr 20, 2017","0.016200","0.016790","0.017250","0.016150","115.70K","-3.51%"
"Apr 19, 2017","0.016790","0.017290","0.017360","0.016600","101.63K","-2.89%"
"Apr 18, 2017","0.017290","0.017110","0.017460","0.016810","73.11K","1.05%"
"Apr 17, 2017","0.017110","0.017240","0.017810","0.016960","116.22K","-0.75%"
"Apr 16, 2017","0.017240","0.017650","0.017730","0.017000","92.81K","-2.32%"
"Apr 15, 2017","0.017650","0.017550","0.017900","0.017290","109.16K","0.57%"
"Apr 14, 2017","0.017550","0.018340","0.018770","0.016450","282.16K","-4.31%"
"Apr 13, 2017","0.018340","0.018040","0.018900","0.017910","135.17K","1.66%"
"Apr 12, 2017","0.018040","0.017620","0.018620","0.017560","140.10K","2.38%"
"Apr 11, 2017","0.017620","0.018240","0.018340","0.017470","101.17K","-3.40%"
"Apr 10, 2017","0.018240","0.017410","0.018930","0.017150","176.04K","4.77%"
"Apr 09, 2017","0.017410","0.017700","0.018140","0.016540","162.75K","-1.64%"
"Apr 08, 2017","0.017700","0.016480","0.018350","0.016100","178.44K","7.40%"
"Apr 07, 2017","0.016480","0.016310","0.017250","0.015990","128.76K","1.04%"
"Apr 06, 2017","0.016310","0.017430","0.017440","0.015500","259.20K","-6.43%"
"Apr 05, 2017","0.017430","0.017900","0.018310","0.016810","161.84K","-2.63%"
"Apr 04, 2017","0.017900","0.017550","0.018430","0.017010","156.90K","1.99%"
"Apr 03, 2017","0.017550","0.017800","0.018540","0.017000","200.01K","-1.40%"
"Apr 02, 2017","0.017800","0.019160","0.019520","0.017660","196.63K","-7.10%"
"Apr 01, 2017","0.019160","0.018660","0.019460","0.017310","187.62K","2.68%"
"Mar 31, 2017","0.018660","0.019080","0.019850","0.018000","189.37K","-2.20%"
"Mar 30, 2017","0.019080","0.020200","0.020470","0.019060","137.84K","-5.54%"
"Mar 29, 2017","0.020200","0.018820","0.020400","0.018380","195.90K","7.33%"
"Mar 28, 2017","0.018820","0.018540","0.019650","0.016750","341.99K","1.51%"
"Mar 27, 2017","0.018540","0.020200","0.020450","0.016700","371.76K","-8.22%"
"Mar 26, 2017","0.020200","0.020750","0.021280","0.019330","229.63K","-2.65%"
"Mar 25, 2017","0.020750","0.022490","0.023370","0.020370","303.07K","-7.74%"
"Mar 24, 2017","0.022490","0.021090","0.023400","0.020760","401.69K","6.64%"
"Mar 23, 2017","0.021090","0.020470","0.021800","0.019600","198.59K","3.03%"
"Mar 22, 2017","0.020470","0.019080","0.021060","0.019000","285.64K","7.29%"
"Mar 21, 2017","0.019080","0.021520","0.021610","0.018500","546.31K","-11.34%"
"Mar 20, 2017","0.021520","0.022610","0.023600","0.021080","269.18K","-4.82%"
"Mar 19, 2017","0.022610","0.020640","0.024700","0.020010","604.71K","9.54%"
"Mar 18, 2017","0.020640","0.020460","0.021600","0.018140","523.68K","0.88%"
"Mar 17, 2017","0.020460","0.019050","0.023490","0.015500","1.13M","7.40%"
"Mar 16, 2017","0.019050","0.015230","0.019500","0.014810","1.02M","25.08%"
"Mar 15, 2017","0.015230","0.014300","0.015870","0.013840","428.32K","6.50%"
"Mar 14, 2017","0.014300","0.014690","0.015020","0.013700","381.64K","-2.65%"
"Mar 13, 2017","0.014690","0.013760","0.015840","0.013650","724.75K","6.76%"
"Mar 12, 2017","0.013760","0.012530","0.014500","0.012260","748.68K","9.82%"
"Mar 11, 2017","0.012530","0.011850","0.012590","0.011130","276.08K","5.74%"
"Mar 10, 2017","0.011850","0.010980","0.012500","0.009910","561.18K","7.92%"
"Mar 09, 2017","0.010980","0.010860","0.011300","0.010700","137.16K","1.10%"
"Mar 08, 2017","0.010860","0.011050","0.011390","0.010700","170.16K","-1.72%"
"Mar 07, 2017","0.011050","0.012100","0.012120","0.010900","244.91K","-8.68%"
"Mar 06, 2017","0.012100","0.012040","0.012400","0.011600","297.73K","0.50%"
"Mar 05, 2017","0.012040","0.010840","0.012200","0.010830","226.11K","11.07%"
"Mar 04, 2017","0.010840","0.010890","0.011200","0.010720","68.78K","-0.46%"
"Mar 03, 2017","0.010890","0.010480","0.011500","0.010180","350.51K","3.91%"
"Mar 02, 2017","0.010480","0.010040","0.011090","0.009800","347.23K","4.38%"
"Mar 01, 2017","0.010040","0.010430","0.011060","0.009900","327.19K","-3.74%"
"Feb 28, 2017","0.010430","0.010150","0.010450","0.009583","241.49K","2.76%"
"Feb 27, 2017","0.010150","0.010190","0.010340","0.010000","75.57K","-0.39%"
"Feb 26, 2017","0.010190","0.010370","0.010500","0.010070","84.27K","-1.74%"
"Feb 25, 2017","0.010370","0.010130","0.010730","0.009667","155.99K","-8.07%"
"Feb 24, 2017","0.011280","0.011280","0.011280","0.011280","-","0.00%"
"Feb 23, 2017","0.011280","0.011440","0.011550","0.011150","46.70K","-1.40%"
"Feb 22, 2017","0.011440","0.011050","0.011470","0.010880","104.49K","3.53%"
"Feb 21, 2017","0.011050","0.011180","0.011400","0.010810","244.26K","-1.16%"
"Feb 20, 2017","0.011180","0.012400","0.012430","0.010710","500.69K","-9.84%"
"Feb 19, 2017","0.012400","0.012700","0.012700","0.012310","49.69K","-2.36%"
"Feb 18, 2017","0.012700","0.012780","0.012870","0.012370","65.22K","-0.63%"
"Feb 17, 2017","0.012780","0.012760","0.012930","0.012500","55.24K","0.16%"
"Feb 16, 2017","0.012760","0.013500","0.013580","0.012420","130.30K","-5.48%"
"Feb 15, 2017","0.013500","0.012870","0.013800","0.012760","186.20K","4.90%"
"Feb 14, 2017","0.012870","0.012280","0.013280","0.012170","139.66K","4.80%"
"Feb 13, 2017","0.012280","0.012310","0.012400","0.012170","38.92K","-0.24%"
"Feb 12, 2017","0.012310","0.012180","0.012380","0.012100","41.59K","1.07%"
"Feb 11, 2017","0.012180","0.012090","0.012300","0.012040","39.89K","0.74%"
"Feb 10, 2017","0.012090","0.012210","0.012600","0.012010","77.56K","-0.98%"
"Feb 09, 2017","0.012210","0.012080","0.012720","0.011740","191.36K","1.08%"
"Feb 08, 2017","0.012080","0.011850","0.012200","0.011830","68.73K","1.94%"
"Feb 07, 2017","0.011850","0.012420","0.012510","0.011810","139.02K","-4.59%"
"Feb 06, 2017","0.012420","0.012500","0.012540","0.012150","72.11K","-0.64%"
"Feb 05, 2017","0.012500","0.012090","0.012670","0.012090","75.83K","3.39%"
"Feb 04, 2017","0.012090","0.012490","0.012800","0.012090","153.10K","-3.20%"
"Feb 03, 2017","0.012490","0.013000","0.013000","0.011750","272.07K","-3.92%"
"Feb 02, 2017","0.013000","0.013410","0.013500","0.013000","110.91K","-3.06%"
"Feb 01, 2017","0.013410","0.013480","0.013650","0.013260","105.66K","-0.52%"
"Jan 31, 2017","0.013480","0.013780","0.014000","0.013360","89.95K","-2.18%"
"Jan 30, 2017","0.013780","0.013750","0.014100","0.013610","99.57K","0.22%"
"Jan 29, 2017","0.013750","0.014070","0.014400","0.013590","124.27K","-2.27%"
"Jan 28, 2017","0.014070","0.013320","0.014240","0.013090","318.44K","5.63%"
"Jan 27, 2017","0.013320","0.013030","0.013320","0.012580","201.71K","2.23%"
"Jan 26, 2017","0.013030","0.013130","0.013290","0.012900","88.11K","-0.76%"
"Jan 25, 2017","0.013130","0.013170","0.013280","0.012910","79.07K","-0.30%"
"Jan 24, 2017","0.013170","0.013270","0.013460","0.013040","85.22K","-0.75%"
"Jan 23, 2017","0.013270","0.013190","0.013370","0.012800","82.63K","0.61%"
"Jan 22, 2017","0.013190","0.013070","0.013240","0.012820","62.19K","0.92%"
"Jan 21, 2017","0.013070","0.013170","0.013390","0.012750","91.32K","-0.76%"
"Jan 20, 2017","0.013170","0.013560","0.013600","0.013000","132.20K","-2.88%"
"Jan 19, 2017","0.013560","0.013680","0.013690","0.013150","109.32K","-0.88%"
"Jan 18, 2017","0.013680","0.013660","0.013950","0.013370","198.43K","0.15%"
"Jan 17, 2017","0.013660","0.012700","0.013780","0.012530","235.92K","7.56%"
"Jan 16, 2017","0.012700","0.013030","0.013250","0.012330","212.94K","-2.53%"
"Jan 15, 2017","0.013030","0.013600","0.013620","0.012020","531.88K","-4.19%"
"Jan 14, 2017","0.013600","0.013540","0.014250","0.013180","169.23K","0.44%"
"Jan 13, 2017","0.013540","0.014700","0.014950","0.013360","362.29K","-7.89%"
"Jan 12, 2017","0.014700","0.014780","0.014940","0.014450","101.94K","-0.54%"
"Jan 11, 2017","0.014780","0.014750","0.015000","0.014450","201.71K","0.20%"
"Jan 10, 2017","0.014750","0.014980","0.015400","0.014500","223.41K","-1.54%"
"Jan 09, 2017","0.014980","0.014740","0.015190","0.014000","232.76K","1.63%"
"Jan 08, 2017","0.014740","0.014380","0.015100","0.014260","181.07K","2.50%"
"Jan 07, 2017","0.014380","0.015650","0.015720","0.013650","583.08K","-8.12%"
"Jan 06, 2017","0.015650","0.016020","0.016900","0.014950","515.47K","-2.31%"
"Jan 05, 2017","0.016020","0.016150","0.016470","0.015530","366.95K","-0.80%"
"Jan 04, 2017","0.016150","0.015150","0.016280","0.015040","434.47K","6.60%"
"Jan 03, 2017","0.015150","0.015740","0.016600","0.014110","818.80K","-3.75%"
"Jan 02, 2017","0.015740","0.013570","0.016190","0.013540","779.70K","15.99%"
"Jan 01, 2017","0.013570","0.014360","0.014390","0.013250","211.51K","-5.50%"
"Dec 31, 2016","0.014360","0.013480","0.014440","0.013210","279.03K","6.53%"
"Dec 30, 2016","0.013480","0.013400","0.013860","0.012810","218.17K","0.60%"
"Dec 29, 2016","0.013400","0.014360","0.014550","0.012710","546.42K","-6.69%"
"Dec 28, 2016","0.014360","0.013350","0.015200","0.012820","921.22K","7.57%"
"Dec 27, 2016","0.013350","0.011320","0.014000","0.011200","814.94K","17.93%"
"Dec 26, 2016","0.011320","0.010840","0.011400","0.010680","160.86K","4.43%"
"Dec 25, 2016","0.010840","0.010750","0.011220","0.010700","182.56K","0.84%"
"Dec 24, 2016","0.010750","0.010360","0.010850","0.010350","119.23K","3.76%"
"Dec 23, 2016","0.010360","0.010300","0.010900","0.010020","355.69K","0.58%"
"Dec 22, 2016","0.010300","0.010150","0.011030","0.009670","423.42K","1.48%"
"Dec 21, 2016","0.010150","0.010460","0.010680","0.009800","286.07K","-2.96%"
"Dec 20, 2016","0.010460","0.010870","0.011090","0.010420","160.25K","-3.77%"
"Dec 19, 2016","0.010870","0.010910","0.011110","0.010510","202.49K","-0.37%"
"Dec 18, 2016","0.010910","0.010560","0.011290","0.010470","223.99K","3.31%"
"Dec 17, 2016","0.010560","0.010850","0.010880","0.010400","114.43K","-2.67%"
"Dec 16, 2016","0.010850","0.010850","0.010970","0.010700","98.29K","0.00%"
"Dec 15, 2016","0.010850","0.010800","0.011010","0.010510","128.25K","0.46%"
"Dec 14, 2016","0.010800","0.010380","0.011050","0.010300","374.79K","4.05%"
"Dec 13, 2016","0.010380","0.010200","0.010400","0.010130","105.75K","1.76%"
"Dec 12, 2016","0.010200","0.010280","0.010400","0.010010","114.39K","-0.78%"
"Dec 11, 2016","0.010280","0.010020","0.010540","0.009986","173.95K","2.59%"
"Dec 10, 2016","0.010020","0.010330","0.010390","0.009801","116.06K","-3.00%"
"Dec 09, 2016","0.010330","0.010120","0.010450","0.010090","148.18K","2.08%"
"Dec 08, 2016","0.010120","0.010140","0.010560","0.009970","183.47K","-0.20%"
"Dec 07, 2016","0.010140","0.009891","0.010220","0.009572","196.10K","2.52%"
"Dec 06, 2016","0.009891","0.010350","0.010530","0.009330","437.63K","-4.43%"
"Dec 05, 2016","0.010350","0.010290","0.010700","0.010000","311.90K","0.58%"
"Dec 04, 2016","0.010290","0.010720","0.010990","0.010100","245.49K","-4.01%"
"Dec 03, 2016","0.010720","0.010450","0.011070","0.010400","234.59K","2.58%"
"Dec 02, 2016","0.010450","0.011420","0.011460","0.010190","688.75K","-8.49%"
"Dec 01, 2016","0.011420","0.012120","0.012340","0.011100","595.80K","-5.78%"
"Nov 30, 2016","0.012120","0.010390","0.012790","0.009500","1.25M","16.65%"
"Nov 29, 2016","0.010390","0.010780","0.010880","0.010100","298.33K","-3.62%"
"Nov 28, 2016","0.010780","0.010990","0.011100","0.010550","208.93K","-1.91%"
"Nov 27, 2016","0.010990","0.010290","0.011090","0.010280","299.24K","6.80%"
"Nov 26, 2016","0.010290","0.010180","0.010700","0.009974","188.82K","1.08%"
"Nov 25, 2016","0.010180","0.010500","0.010590","0.009905","318.59K","-3.05%"
"Nov 24, 2016","0.010500","0.010600","0.011370","0.010210","679.91K","-0.94%"
"Nov 23, 2016","0.010600","0.010050","0.011100","0.010000","497.80K","5.47%"
"Nov 22, 2016","0.010050","0.009200","0.011200","0.009169","1.26M","9.24%"
"Nov 21, 2016","0.009200","0.009050","0.009300","0.008853","236.07K","1.66%"
"Nov 20, 2016","0.009050","0.008736","0.009500","0.008521","504.05K","3.59%"
"Nov 19, 2016","0.008736","0.008995","0.009151","0.008500","351.73K","-2.88%"
"Nov 18, 2016","0.008995","0.009134","0.009700","0.008651","529.15K","-1.52%"
"Nov 17, 2016","0.009134","0.008949","0.009400","0.008300","712.33K","2.07%"
"Nov 16, 2016","0.008949","0.010230","0.010540","0.008140","1.31M","-12.52%"
"Nov 15, 2016","0.010230","0.010850","0.011210","0.009955","479.50K","-5.71%"
"Nov 14, 2016","0.010850","0.010160","0.011700","0.009901","711.84K","6.79%"
"Nov 13, 2016","0.010160","0.010600","0.011800","0.010020","1.02M","-4.15%"
"Nov 12, 2016","0.010600","0.009768","0.010890","0.009250","1.04M","8.52%"
"Nov 11, 2016","0.009768","0.008445","0.009889","0.008198","563.27K","15.67%"
"Nov 10, 2016","0.008445","0.008207","0.008990","0.008155","542.38K","2.90%"
"Nov 09, 2016","0.008207","0.009213","0.009282","0.007589","1.28M","-10.92%"
"Nov 08, 2016","0.009213","0.008130","0.009579","0.008022","1.26M","13.32%"
"Nov 07, 2016","0.008130","0.007025","0.008379","0.006933","637.06K","15.73%"
"Nov 06, 2016","0.007025","0.007085","0.007200","0.006837","123.95K","-0.85%"
"Nov 05, 2016","0.007085","0.006861","0.007140","0.006840","106.11K","3.26%"
"Nov 04, 2016","0.006861","0.007238","0.007482","0.006642","517.24K","-5.21%"
"Nov 03, 2016","0.007238","0.006136","0.007500","0.005900","1.00M","17.96%"
"Nov 02, 2016","0.006136","0.006396","0.006896","0.006100","403.01K","-4.07%"
"Nov 01, 2016","0.006396","0.007317","0.007340","0.006000","755.54K","-12.59%"
"Oct 31, 2016","0.007317","0.007865","0.008100","0.006821","581.93K","-6.97%"
"Oct 30, 2016","0.007865","0.006987","0.008178","0.006769","1.05M","12.57%"
"Oct 29, 2016","0.006987","0.008305","0.008467","0.005800","2.12M","-15.87%"
"Oct 28, 2016","0.008305","0.009139","0.009255","0.008100","480.53K","-9.13%"
"Oct 27, 2016","0.009139","0.008998","0.009400","0.008670","317.93K","1.57%"
"Oct 26, 2016","0.008998","0.009310","0.009400","0.008635","258.51K","-3.35%"
"Oct 25, 2016","0.009310","0.009811","0.009837","0.008601","466.33K","-5.11%"
"Oct 24, 2016","0.009811","0.009935","0.010100","0.009762","91.38K","-1.25%"
"Oct 23, 2016","0.009935","0.009860","0.010200","0.009781","79.61K","0.76%"
"Oct 22, 2016","0.009860","0.010710","0.010800","0.009500","338.81K","-7.94%"
"Oct 21, 2016","0.010710","0.010350","0.011090","0.010150","285.73K","3.48%"
"Oct 20, 2016","0.010350","0.010550","0.011510","0.010250","347.77K","-1.90%"
"Oct 19, 2016","0.010550","0.010510","0.011350","0.010110","330.91K","0.38%"
"Oct 18, 2016","0.010510","0.009833","0.010840","0.009500","347.03K","6.88%"
"Oct 17, 2016","0.009833","0.010040","0.010100","0.008888","588.20K","-2.06%"
"Oct 16, 2016","0.010040","0.010250","0.010470","0.009560","377.12K","-2.05%"
"Oct 15, 2016","0.010250","0.010860","0.010860","0.010010","245.53K","-5.62%"
"Oct 14, 2016","0.010860","0.010950","0.011200","0.010700","235.53K","-0.82%"
"Oct 13, 2016","0.010950","0.011500","0.011500","0.010610","285.91K","-4.78%"
"Oct 12, 2016","0.011500","0.011460","0.011980","0.011110","270.35K","0.35%"
"Oct 11, 2016","0.011460","0.011120","0.012350","0.010350","805.64K","3.06%"
"Oct 10, 2016","0.011120","0.012240","0.012500","0.010950","457.89K","-9.15%"
"Oct 09, 2016","0.012240","0.011130","0.012240","0.011070","339.85K","9.97%"
"Oct 08, 2016","0.011130","0.011020","0.011600","0.010690","238.15K","1.00%"
"Oct 07, 2016","0.011020","0.011790","0.012580","0.010530","599.97K","-6.53%"
"Oct 06, 2016","0.011790","0.010700","0.012100","0.010300","696.87K","10.19%"
"Oct 05, 2016","0.010700","0.012310","0.012740","0.009898","1.33M","-13.08%"
"Oct 04, 2016","0.012310","0.012830","0.013330","0.012230","249.13K","-4.05%"
"Oct 03, 2016","0.012830","0.013760","0.014000","0.012600","401.06K","-6.76%"
"Oct 02, 2016","0.013760","0.011930","0.014000","0.011680","567.83K","15.34%"
"Oct 01, 2016","0.011930","0.013840","0.013900","0.011550","1.05M","-13.80%"
"Sep 30, 2016","0.013840","0.014080","0.014440","0.013110","625.41K","-1.70%"
"Sep 29, 2016","0.014080","0.015490","0.015630","0.013700","570.81K","-9.10%"
"Sep 28, 2016","0.015490","0.015350","0.015710","0.015100","186.69K","0.91%"
"Sep 27, 2016","0.015350","0.015320","0.015880","0.015000","241.01K","0.20%"
"Sep 26, 2016","0.015320","0.017060","0.017270","0.014810","744.53K","-10.20%"
"Sep 25, 2016","0.017060","0.017880","0.017880","0.016940","200.44K","-4.59%"
"Sep 24, 2016","0.017880","0.017790","0.018260","0.017620","151.85K","0.51%"
"Sep 23, 2016","0.017790","0.017010","0.018340","0.016690","305.54K","4.59%"
"Sep 22, 2016","0.017010","0.016490","0.017900","0.016340","390.11K","3.15%"
"Sep 21, 2016","0.016490","0.018190","0.018700","0.016310","597.14K","-9.35%"
"Sep 20, 2016","0.018190","0.017300","0.019250","0.016800","1.04M","5.14%"
"Sep 19, 2016","0.017300","0.015490","0.017540","0.014800","714.87K","11.68%"
"Sep 18, 2016","0.015490","0.015860","0.016200","0.015120","279.34K","-2.33%"
"Sep 17, 2016","0.015860","0.014760","0.016330","0.014500","493.85K","7.45%"
"Sep 16, 2016","0.014760","0.015800","0.016300","0.014400","768.40K","-6.58%"
"Sep 15, 2016","0.015800","0.017060","0.017300","0.015500","723.30K","-7.39%"
"Sep 14, 2016","0.017060","0.017370","0.018070","0.016850","514.90K","-1.78%"
"Sep 13, 2016","0.017370","0.016590","0.018960","0.016120","1.29M","4.70%"
"Sep 12, 2016","0.016590","0.017900","0.018200","0.016200","1.14M","-7.32%"
"Sep 11, 2016","0.017900","0.019630","0.019930","0.016700","1.36M","-8.81%"
"Sep 10, 2016","0.019630","0.019840","0.020200","0.019100","680.56K","-1.06%"
"Sep 09, 2016","0.019840","0.020160","0.021920","0.019000","1.07M","-1.59%"
"Sep 08, 2016","0.020160","0.019170","0.020950","0.018210","1.39M","5.16%"
"Sep 07, 2016","0.019170","0.020370","0.021140","0.018010","1.62M","-5.89%"
"Sep 06, 2016","0.020370","0.022500","0.023710","0.019560","1.90M","-9.47%"
"Sep 05, 2016","0.022500","0.022600","0.023600","0.020600","1.71M","-0.44%"
"Sep 04, 2016","0.022600","0.018100","0.022910","0.016400","2.56M","24.86%"
"Sep 03, 2016","0.018100","0.017270","0.026500","0.017100","4.91M","4.81%"
"Sep 02, 2016","0.017270","0.014200","0.018500","0.013640","2.78M","21.62%"
"Sep 01, 2016","0.014200","0.014690","0.015420","0.013500","1.42M","-3.34%"
"Aug 31, 2016","0.014690","0.014720","0.015440","0.012560","2.34M","-0.20%"
"Aug 30, 2016","0.014720","0.015000","0.015900","0.013600","1.76M","-1.87%"
"Aug 29, 2016","0.015000","0.016200","0.018750","0.013100","4.94M","-7.41%"
"Aug 28, 2016","0.016200","0.008590","0.017150","0.008590","6.10M","88.59%"
"Aug 27, 2016","0.008590","0.007227","0.008960","0.007211","1.37M","18.86%"
"Aug 26, 2016","0.007227","0.007160","0.008100","0.007000","1.34M","0.94%"
"Aug 25, 2016","0.007160","0.007750","0.007796","0.006350","1.69M","-7.61%"
"Aug 24, 2016","0.007750","0.008150","0.008790","0.007400","1.40M","-4.91%"
"Aug 23, 2016","0.008150","0.007300","0.009280","0.006500","4.54M","11.64%"
"Aug 22, 2016","0.007300","0.004390","0.009384","0.004300","4.21M","66.29%"
"Aug 21, 2016","0.004390","0.004231","0.004466","0.004100","297.97K","3.76%"
"Aug 20, 2016","0.004231","0.004058","0.004441","0.003930","722.23K","4.26%"
"Aug 19, 2016","0.004058","0.003829","0.004070","0.003779","131.25K","5.98%"
"Aug 18, 2016","0.003829","0.003990","0.003990","0.003700","178.44K","-4.04%"
"Aug 17, 2016","0.003990","0.003806","0.003991","0.003680","178.66K","4.83%"
"Aug 16, 2016","0.003806","0.003852","0.004000","0.003650","325.47K","-1.19%"
"Aug 15, 2016","0.003852","0.003490","0.003853","0.003460","341.70K","10.37%"
"Aug 14, 2016","0.003490","0.003390","0.003686","0.003220","153.24K","2.95%"
"Aug 13, 2016","0.003390","0.003298","0.003448","0.003284","56.11K","2.79%"
"Aug 12, 2016","0.003298","0.003357","0.003387","0.003207","56.20K","-1.76%"
"Aug 11, 2016","0.003357","0.003390","0.003448","0.003192","60.12K","-0.97%"
"Aug 10, 2016","0.003390","0.003467","0.003500","0.003249","96.56K","-2.22%"
"Aug 09, 2016","0.003467","0.003225","0.003485","0.003192","114.88K","7.50%"
"Aug 08, 2016","0.003225","0.003160","0.003370","0.003129","102.40K","2.06%"
"Aug 07, 2016","0.003160","0.003220","0.003455","0.003050","119.76K","-1.86%"
"Aug 06, 2016","0.003220","0.003128","0.003425","0.003039","125.25K","2.94%"
"Aug 05, 2016","0.003128","0.003217","0.003239","0.003080","70.26K","-2.77%"
"Aug 04, 2016","0.003217","0.002776","0.003301","0.002767","253.18K","15.89%"
"Aug 03, 2016","0.002776","0.002735","0.002966","0.002626","102.32K","1.50%"
"Aug 02, 2016","0.002735","0.002801","0.002899","0.002621","184.16K","-2.36%"
"Aug 01, 2016","0.002801","0.002904","0.002950","0.002777","86.82K","-3.55%"
"Jul 31, 2016","0.002904","0.002944","0.002978","0.002830","70.77K","-1.36%"
"Jul 30, 2016","0.002944","0.002903","0.002950","0.002850","32.11K","1.41%"
"Jul 29, 2016","0.002903","0.002833","0.002970","0.002784","54.05K","2.47%"
"Jul 28, 2016","0.002833","0.002906","0.002974","0.002784","105.78K","-2.51%"
"Jul 27, 2016","0.002906","0.002751","0.002990","0.002700","133.80K","5.63%"
"Jul 26, 2016","0.002751","0.002838","0.002840","0.002613","134.71K","-3.07%"
"Jul 25, 2016","0.002838","0.002842","0.002859","0.002777","45.44K","-0.14%"
"Jul 24, 2016","0.002842","0.002892","0.002954","0.002780","80.11K","-1.73%"
"Jul 23, 2016","0.002892","0.002834","0.002920","0.002756","61.24K","2.05%"
"Jul 22, 2016","0.002834","0.002590","0.002840","0.002585","94.57K","9.42%"
"Jul 21, 2016","0.002590","0.002649","0.002730","0.002551","74.65K","-2.23%"
"Jul 20, 2016","0.002649","0.002844","0.002875","0.002510","197.12K","-6.86%"
"Jul 19, 2016","0.002844","0.002898","0.002911","0.002739","98.72K","-1.86%"
"Jul 18, 2016","0.002898","0.002919","0.002980","0.002859","51.24K","-0.72%"
"Jul 17, 2016","0.002919","0.003001","0.003020","0.002876","80.94K","-2.73%"
"Jul 16, 2016","0.003001","0.003016","0.003051","0.002988","31.44K","-0.50%"
"Jul 15, 2016","0.003016","0.003040","0.003080","0.002910","88.93K","-0.79%"
"Jul 14, 2016","0.003040","0.002950","0.003081","0.002926","85.15K","3.05%"
"Jul 13, 2016","0.002950","0.002970","0.003006","0.002883","141.92K","-0.67%"
"Jul 12, 2016","0.002970","0.003057","0.003207","0.002903","162.12K","-2.85%"
"Jul 11, 2016","0.003057","0.002938","0.003120","0.002914","99.89K","4.05%"
"Jul 10, 2016","0.002938","0.002992","0.003005","0.002865","112.25K","-1.80%"
"Jul 09, 2016","0.002992","0.002946","0.003070","0.002858","158.19K","1.56%"
"Jul 08, 2016","0.002946","0.002967","0.003107","0.002846","208.26K","-0.71%"
"Jul 07, 2016","0.002967","0.002932","0.003292","0.002774","786.70K","1.19%"
"Jul 06, 2016","0.002932","0.002577","0.002935","0.002561","242.99K","13.78%"
"Jul 05, 2016","0.002577","0.002503","0.002600","0.002440","85.73K","2.96%"
"Jul 04, 2016","0.002503","0.002565","0.002688","0.002480","79.93K","-2.42%"
"Jul 03, 2016","0.002565","0.002475","0.002759","0.002475","165.03K","3.64%"
"Jul 02, 2016","0.002475","0.002475","0.002590","0.002420","109.53K","0.00%"
"Jul 01, 2016","0.002475","0.002363","0.002510","0.002339","86.45K","4.74%"
"Jun 30, 2016","0.002363","0.002422","0.002519","0.002267","136.21K","-2.44%"
"Jun 29, 2016","0.002422","0.002258","0.002590","0.002258","180.84K","7.26%"
"Jun 28, 2016","0.002258","0.002249","0.002319","0.002200","106.14K","0.40%"
"Jun 27, 2016","0.002249","0.002352","0.002390","0.002140","109.40K","-4.38%"
"Jun 26, 2016","0.002352","0.002309","0.002435","0.002307","46.62K","1.86%"
"Jun 25, 2016","0.002309","0.002369","0.002409","0.002220","94.33K","-2.53%"
"Jun 24, 2016","0.002369","0.002481","0.002589","0.002291","124.06K","-4.51%"
"Jun 23, 2016","0.002481","0.002541","0.002634","0.002403","116.93K","-2.36%"
"Jun 22, 2016","0.002541","0.002408","0.002674","0.002391","233.24K","5.52%"
"Jun 21, 2016","0.002408","0.002400","0.002640","0.002301","287.29K","0.33%"
"Jun 20, 2016","0.002400","0.002436","0.002597","0.002265","294.47K","-1.48%"
"Jun 19, 2016","0.002436","0.002700","0.002757","0.002377","323.95K","-9.78%"
"Jun 18, 2016","0.002700","0.002349","0.003150","0.002325","1.18M","14.94%"
"Jun 17, 2016","0.002349","0.002005","0.002400","0.001994","356.12K","17.16%"
"Jun 16, 2016","0.002005","0.002111","0.002130","0.001926","201.98K","-5.02%"
"Jun 15, 2016","0.002111","0.002000","0.002205","0.001956","221.87K","5.55%"
"Jun 14, 2016","0.002000","0.001820","0.002059","0.001802","187.92K","9.89%"
"Jun 13, 2016","0.001820","0.001889","0.001991","0.001778","202.53K","-3.65%"
"Jun 12, 2016","0.001889","0.001937","0.001942","0.001761","315.88K","-2.48%"
"Jun 11, 2016","0.001937","0.001987","0.002023","0.001900","74.41K","-2.52%"
"Jun 10, 2016","0.001987","0.001936","0.002060","0.001874","233.99K","2.63%"
"Jun 09, 2016","0.001936","0.001704","0.002139","0.001704","410.50K","13.62%"
"Jun 08, 2016","0.001704","0.001706","0.001773","0.001687","70.66K","-0.12%"
"Jun 07, 2016","0.001706","0.001715","0.001726","0.001653","76.71K","-0.52%"
"Jun 06, 2016","0.001715","0.001737","0.001795","0.001690","81.53K","-1.27%"
"Jun 05, 2016","0.001737","0.001714","0.001761","0.001666","82.35K","1.34%"
"Jun 04, 2016","0.001714","0.001659","0.001750","0.001653","88.28K","3.32%"
"Jun 03, 2016","0.001659","0.001731","0.001780","0.001652","71.65K","-4.16%"
"Jun 02, 2016","0.001731","0.001698","0.001758","0.001693","38.72K","1.94%"
"Jun 01, 2016","0.001698","0.001752","0.001789","0.001612","106.25K","-3.08%"
"May 31, 2016","0.001752","0.001676","0.001852","0.001657","153.89K","4.53%"
"May 30, 2016","0.001676","0.001709","0.001750","0.001640","69.94K","-1.93%"
"May 29, 2016","0.001709","0.001708","0.001841","0.001619","206.49K","0.06%"
"May 28, 2016","0.001708","0.001813","0.001848","0.001703","165.66K","-5.79%"
"May 27, 2016","0.001813","0.001901","0.001910","0.001725","165.81K","-4.63%"
"May 26, 2016","0.001901","0.001934","0.002046","0.001860","98.19K","-1.71%"
"May 25, 2016","0.001934","0.002021","0.002079","0.001924","113.45K","-4.30%"
"May 24, 2016","0.002021","0.002048","0.002233","0.002021","201.37K","-1.32%"
"May 23, 2016","0.002048","0.002118","0.002171","0.002028","128.04K","-3.31%"
"May 22, 2016","0.002118","0.002201","0.002280","0.002079","193.46K","-3.77%"
"May 21, 2016","0.002201","0.002153","0.002263","0.002100","110.23K","2.23%"
"May 20, 2016","0.002153","0.001939","0.002250","0.001939","299.53K","11.04%"
"May 19, 2016","0.001939","0.001864","0.001965","0.001804","156.84K","4.02%"
"May 18, 2016","0.001864","0.001793","0.001940","0.001742","230.26K","3.96%"
"May 17, 2016","0.001793","0.001810","0.001880","0.001693","135.57K","-0.94%"
"May 16, 2016","0.001810","0.001815","0.001864","0.001760","120.02K","-0.28%"
"May 15, 2016","0.001815","0.001840","0.001883","0.001760","61.51K","-1.36%"
"May 14, 2016","0.001840","0.001861","0.001886","0.001802","27.72K","-1.13%"
"May 13, 2016","0.001861","0.001896","0.001939","0.001823","73.80K","-1.85%"
"May 12, 2016","0.001896","0.001901","0.001989","0.001871","93.45K","-0.26%"
"May 11, 2016","0.001901","0.001831","0.001920","0.001818","55.60K","3.82%"
"May 10, 2016","0.001831","0.001810","0.001940","0.001759","151.10K","1.16%"
"May 09, 2016","0.001810","0.001844","0.001900","0.001750","104.88K","-1.84%"
"May 08, 2016","0.001844","0.001922","0.001959","0.001823","84.10K","-4.06%"
"May 07, 2016","0.001922","0.001901","0.001954","0.001810","120.06K","1.10%"
"May 06, 2016","0.001901","0.002029","0.002053","0.001875","79.43K","-6.31%"
"May 05, 2016","0.002029","0.002059","0.002068","0.001967","85.07K","-1.46%"
"May 04, 2016","0.002059","0.002066","0.002140","0.002013","96.86K","-0.34%"
"May 03, 2016","0.002066","0.002182","0.002186","0.002016","105.55K","-5.32%"
"May 02, 2016","0.002182","0.002027","0.002273","0.001980","212.10K","7.65%"
"May 01, 2016","0.002027","0.002054","0.002095","0.001969","66.10K","-1.31%"
"Apr 30, 2016","0.002054","0.001956","0.002151","0.001941","128.06K","5.01%"
"Apr 29, 2016","0.001956","0.002020","0.002088","0.001920","105.55K","-3.17%"
"Apr 28, 2016","0.002020","0.002129","0.002180","0.001988","96.14K","-5.12%"
"Apr 27, 2016","0.002129","0.001905","0.002177","0.001847","308.51K","11.76%"
"Apr 26, 2016","0.001905","0.002073","0.002153","0.001760","354.16K","-8.10%"
"Apr 25, 2016","0.002073","0.002239","0.002287","0.002030","195.35K","-7.41%"
"Apr 24, 2016","0.002239","0.002293","0.002350","0.002178","103.10K","-2.35%"
"Apr 23, 2016","0.002293","0.002217","0.002348","0.002180","101.71K","3.43%"
"Apr 22, 2016","0.002217","0.002168","0.002260","0.002132","135.31K","2.26%"
"Apr 21, 2016","0.002168","0.002381","0.002420","0.002102","202.35K","-8.95%"
"Apr 20, 2016","0.002381","0.002590","0.002595","0.002250","303.74K","-8.07%"
"Apr 19, 2016","0.002590","0.002555","0.002699","0.002535","223.28K","1.37%"
"Apr 18, 2016","0.002555","0.002390","0.002620","0.002344","252.01K","6.90%"
"Apr 17, 2016","0.002390","0.002272","0.002570","0.002251","265.90K","5.19%"
"Apr 16, 2016","0.002272","0.002285","0.002329","0.002196","115.52K","-0.57%"
"Apr 15, 2016","0.002285","0.002373","0.002406","0.002200","349.74K","-3.71%"
"Apr 14, 2016","0.002373","0.002423","0.002510","0.002288","186.28K","-2.06%"
"Apr 13, 2016","0.002423","0.002180","0.002540","0.002160","401.59K","11.15%"
"Apr 12, 2016","0.002180","0.002389","0.002431","0.002000","634.29K","-8.75%"
"Apr 11, 2016","0.002389","0.002585","0.002683","0.002310","271.08K","-7.58%"
"Apr 10, 2016","0.002585","0.002785","0.002812","0.002070","1.18M","-7.18%"
"Apr 09, 2016","0.002785","0.003392","0.003392","0.002688","894.51K","-17.90%"
"Apr 08, 2016","0.003392","0.003618","0.003637","0.003228","223.13K","-6.25%"
"Apr 07, 2016","0.003618","0.003547","0.003714","0.003511","148.81K","2.00%"
"Apr 06, 2016","0.003547","0.003551","0.003719","0.003433","156.37K","-0.11%"
"Apr 05, 2016","0.003551","0.003787","0.003788","0.003400","255.32K","-6.23%"
"Apr 04, 2016","0.003787","0.003690","0.003800","0.003546","177.72K","2.63%"
"Apr 03, 2016","0.003690","0.003729","0.003786","0.003504","161.93K","-1.05%"
"Apr 02, 2016","0.003729","0.003474","0.003741","0.003456","296.63K","7.34%"
"Apr 01, 2016","0.003474","0.003381","0.003563","0.003360","197.09K","2.75%"
"Mar 31, 2016","0.003381","0.003499","0.003500","0.003332","131.65K","-3.37%"
"Mar 30, 2016","0.003499","0.003568","0.003650","0.003350","209.82K","-1.93%"
"Mar 29, 2016","0.003568","0.003510","0.003691","0.003473","208.74K","1.65%"
"Mar 28, 2016","0.003510","0.003585","0.003699","0.003309","375.75K","-2.09%"
"Mar 27, 2016","0.003585","0.004047","0.004121","0.003210","594.11K","-11.42%"
"Mar 26, 2016","0.004047","0.003861","0.004150","0.003766","290.51K","4.82%"
"Mar 25, 2016","0.003861","0.003977","0.004220","0.003780","409.02K","-2.92%"
"Mar 24, 2016","0.003977","0.003477","0.004168","0.003335","715.77K","14.38%"
"Mar 23, 2016","0.003477","0.003258","0.003500","0.003200","303.80K","6.72%"
"Mar 22, 2016","0.003258","0.003549","0.003680","0.003211","390.64K","-8.20%"
"Mar 21, 2016","0.003549","0.003642","0.003800","0.003307","536.58K","-2.55%"
"Mar 20, 2016","0.003642","0.002973","0.003745","0.002900","667.52K","22.50%"
"Mar 19, 2016","0.002973","0.002804","0.003151","0.002740","205.68K","6.03%"
"Mar 18, 2016","0.002804","0.003231","0.003234","0.002654","360.80K","-13.22%"
"Mar 17, 2016","0.003231","0.002755","0.003231","0.002488","360.70K","17.28%"
"Mar 16, 2016","0.002755","0.002763","0.002879","0.002697","139.30K","-0.29%"
"Mar 15, 2016","0.002763","0.002710","0.002841","0.002610","168.64K","1.96%"
"Mar 14, 2016","0.002710","0.002980","0.003070","0.002673","165.09K","-9.06%"
"Mar 13, 2016","0.002980","0.002800","0.003070","0.002671","196.42K","6.43%"
"Mar 12, 2016","0.002800","0.002630","0.002956","0.002500","270.06K","6.46%"
"Mar 11, 2016","0.002630","0.002586","0.002740","0.002501","110.58K","1.70%"
"Mar 10, 2016","0.002586","0.002955","0.003181","0.002411","346.22K","-12.49%"
"Mar 09, 2016","0.002955","0.002823","0.003217","0.002338","681.56K","4.68%"
"Mar 08, 2016","0.002823","0.002483","0.002890","0.002420","291.99K","13.69%"
"Mar 07, 2016","0.002483","0.003075","0.003093","0.002331","429.11K","-19.25%"
"Mar 06, 2016","0.003075","0.002980","0.003100","0.002553","752.23K","3.19%"
"Mar 05, 2016","0.002980","0.002858","0.003488","0.002557","912.70K","4.27%"
"Mar 04, 2016","0.002858","0.002565","0.002978","0.002428","630.12K","11.42%"
"Mar 03, 2016","0.002565","0.001944","0.002745","0.001942","713.06K","31.94%"
"Mar 02, 2016","0.001944","0.001950","0.002000","0.001861","144.03K","-0.31%"
"Mar 01, 2016","0.001950","0.001986","0.002038","0.001861","218.58K","-1.81%"
"Feb 29, 2016","0.001986","0.002010","0.002049","0.001910","141.87K","-1.19%"
"Feb 28, 2016","0.002010","0.001901","0.002049","0.001880","150.89K","5.73%"
"Feb 27, 2016","0.001901","0.001900","0.001993","0.001875","103.25K","0.05%"
"Feb 26, 2016","0.001900","0.001895","0.001970","0.001852","78.43K","0.26%"
"Feb 25, 2016","0.001895","0.001878","0.002109","0.001824","270.93K","0.91%"
"Feb 24, 2016","0.001878","0.001790","0.001890","0.001771","133.63K","4.92%"
"Feb 23, 2016","0.001790","0.001791","0.001810","0.001720","98.24K","-0.06%"
"Feb 22, 2016","0.001791","0.001761","0.001900","0.001711","150.33K","1.70%"
"Feb 21, 2016","0.001761","0.001880","0.001897","0.001651","210.53K","-6.33%"
"Feb 20, 2016","0.001880","0.002012","0.002120","0.001841","335.22K","-6.56%"
"Feb 19, 2016","0.002012","0.001843","0.002055","0.001742","231.79K","9.17%"
"Feb 18, 2016","0.001843","0.001740","0.001885","0.001640","266.01K","5.92%"
"Feb 17, 2016","0.001740","0.002323","0.002357","0.001660","723.28K","-25.10%"
"Feb 16, 2016","0.002323","0.001937","0.002460","0.001915","826.93K","19.93%"